{
  "type": "FeatureCollection",
  "name": "Localidades-Magna-Sirgas",
  "crs": {
    "type": "name",
    "properties": { "name": "urn:ogc:def:crs:EPSG::9377" }
  },
  "features": [
    {
      "type": "Feature",
      "properties": {
        "objectid": 1,
        "nombre": "Metropolitana",
        "identificador": "05",
        "st_area(shape)": 11281558.045153709
      },
      "geometry": {
        "type": "Polygon",
        "coordinates": [
          [
            [4803937.961392696015537, 2766420.118599086999893],
            [4803930.445455060340464, 2766389.769705681595951],
            [4803927.196625370532274, 2766384.39047840051353],
            [4803921.858558697625995, 2766378.731180083472282],
            [4803915.04633261077106, 2766370.391328494530171],
            [4803882.099240215495229, 2766319.402023512870073],
            [4803848.735276948660612, 2766256.390707277692854],
            [4803834.200437288731337, 2766238.957630579825491],
            [4803818.686596053652465, 2766230.119595807045698],
            [4803798.31938377674669, 2766221.060728122014552],
            [4803793.539388569071889, 2766218.934817458037287],
            [4803788.723550547845662, 2766217.213623471558094],
            [4803745.337498432025313, 2766201.70635598897934],
            [4803732.399244466796517, 2766196.470456931740046],
            [4803728.850548767484725, 2766186.211231338791549],
            [4803728.011947555467486, 2766185.240235571283847],
            [4803723.495796916075051, 2766171.527587043121457],
            [4803721.889130075462162, 2766166.084200496785343],
            [4803717.599330579861999, 2766151.550473468843848],
            [4803715.96201878786087, 2766141.817855161614716],
            [4803707.032613607123494, 2766110.455505205318332],
            [4803705.501852878369391, 2766105.078900204505771],
            [4803706.742817268706858, 2766099.910400772467256],
            [4803711.715636390261352, 2766079.198864268139005],
            [4803713.06868265196681, 2766073.563713139854372],
            [4803714.059369013644755, 2766069.438038432504982],
            [4803699.550533386878669, 2766065.241207493003458],
            [4803692.107848254032433, 2766063.018460356630385],
            [4803686.842388355173171, 2766040.421372517943382],
            [4803687.427359870634973, 2766029.173966239206493],
            [4803688.713970594108105, 2766004.429254702292383],
            [4803673.970749877393246, 2766001.858692462090403],
            [4803643.767104531638324, 2765996.592141828965396],
            [4803639.93574164621532, 2765995.716465970501304],
            [4803634.934681514278054, 2765994.573508980218321],
            [4803612.004166437312961, 2765989.332723994739354],
            [4803610.680397951975465, 2765969.100837426260114],
            [4803609.822063441388309, 2765955.978606234304607],
            [4803608.890742448158562, 2765941.738066805526614],
            [4803608.83341299649328, 2765940.863605888094753],
            [4803599.364248842000961, 2765930.901350190863013],
            [4803598.850748415105045, 2765909.411876726895571],
            [4803599.361842907965183, 2765894.915940314996988],
            [4803598.702084355056286, 2765885.047242164611816],
            [4803598.569153628312051, 2765882.798715929500759],
            [4803598.567273685708642, 2765882.299014031887054],
            [4803596.568191941827536, 2765862.387625967152417],
            [4803594.228175671771169, 2765839.08200856577605],
            [4803592.735107283107936, 2765823.218614571727812],
            [4803591.580506159923971, 2765797.108259712811559],
            [4803589.843448466621339, 2765778.624122872017324],
            [4803588.529152664355934, 2765764.632345365360379],
            [4803586.365548375062644, 2765751.98696107417345],
            [4803583.807812896557152, 2765737.035333215259016],
            [4803582.996613513678312, 2765727.997331651393324],
            [4803585.689153768122196, 2765721.410071120131761],
            [4803585.978645232506096, 2765720.969676388427615],
            [4803591.778851266019046, 2765712.142258683685213],
            [4803603.059085451997817, 2765704.355208778753877],
            [4803612.783333776518703, 2765698.198306160513312],
            [4803624.072954520583153, 2765693.035393427591771],
            [4803629.188698544166982, 2765691.018170253373682],
            [4803642.548376129940152, 2765687.219901176169515],
            [4803655.912017147056758, 2765682.929973945952952],
            [4803659.530083416029811, 2765680.99176974222064],
            [4803662.595504018478096, 2765678.721793451346457],
            [4803664.165324750356376, 2765674.528207232709974],
            [4803663.917365222238004, 2765670.889485253952444],
            [4803662.831130372360349, 2765667.770278308074921],
            [4803660.086647829972208, 2765665.184419089462608],
            [4803637.743085662834346, 2765654.502629521302879],
            [4803620.794646851718426, 2765649.439868605695665],
            [4803596.66346066724509, 2765644.902299629990011],
            [4803585.398096940480173, 2765639.319420338142663],
            [4803584.955256503075361, 2765638.984010034240782],
            [4803574.560908340848982, 2765631.111250086221844],
            [4803568.395152787677944, 2765618.888093928806484],
            [4803568.084961852990091, 2765617.961616235785186],
            [4803565.806229259818792, 2765611.150477718561888],
            [4803563.708297119475901, 2765600.91203885897994],
            [4803561.08135024830699, 2765582.428993016947061],
            [4803559.966649207286537, 2765567.563879645895213],
            [4803556.84369900636375, 2765550.206949934363365],
            [4803551.363267678767443, 2765536.316918900702149],
            [4803542.376170072704554, 2765522.519626226276159],
            [4803527.107008492574096, 2765509.119869010522962],
            [4803509.619747886434197, 2765499.270009534433484],
            [4803482.331607121042907, 2765485.372623581439257],
            [4803466.340107117779553, 2765468.311221319716424],
            [4803465.83092631213367, 2765468.177463368047029],
            [4803450.394147573038936, 2765464.119576342403889],
            [4803449.953384540975094, 2765427.885851453989744],
            [4803447.955971823073924, 2765428.392697015311569],
            [4803434.9804612332955, 2765433.811512978747487],
            [4803408.581777249462903, 2765441.776843865867704],
            [4803397.436352922581136, 2765444.390412602573633],
            [4803385.860083581879735, 2765447.105409346986562],
            [4803344.058378698304296, 2765462.997242542915046],
            [4803323.313753197900951, 2765470.93307295627892],
            [4803290.652303493581712, 2765483.42836323659867],
            [4803268.61142332945019, 2765487.004903817549348],
            [4803250.320058410987258, 2765488.069951639510691],
            [4803241.190872315317392, 2765488.60160706890747],
            [4803226.519408558495343, 2765488.91593281365931],
            [4803219.701119543984532, 2765489.061831973027438],
            [4803192.276847606524825, 2765489.649550132919103],
            [4803179.381186792626977, 2765487.095688821747899],
            [4803170.583123878575861, 2765485.353289498947561],
            [4803126.522473750635982, 2765480.886495388112962],
            [4803117.114134201779962, 2765480.586844791658223],
            [4803093.911411066539586, 2765479.847720555029809],
            [4803077.09936295170337, 2765479.31234544608742],
            [4803072.039943852461874, 2765479.580262754112482],
            [4803059.052215334959328, 2765480.210061445366591],
            [4803049.802751244045794, 2765480.658666907809675],
            [4803015.33004660718143, 2765484.404289565980434],
            [4802990.29049711022526, 2765487.991719311103225],
            [4802933.431009780615568, 2765501.883856102824211],
            [4802894.287527691572905, 2765511.447826750110835],
            [4802884.923592865467072, 2765513.480238524265587],
            [4802844.775673613883555, 2765537.737616667058319],
            [4802815.332729743793607, 2765550.462014804128557],
            [4802794.18229194637388, 2765558.533770411275327],
            [4802786.176862838678062, 2765556.063208877108991],
            [4802785.972548523917794, 2765555.979281761683524],
            [4802745.508865643292665, 2765539.339010989293456],
            [4802688.651956184767187, 2765520.298591042403132],
            [4802662.313999608159065, 2765510.146060274448246],
            [4802635.793232373893261, 2765501.243652378208935],
            [4802616.850115092471242, 2765497.562502048909664],
            [4802608.522426201030612, 2765496.453608760610223],
            [4802602.224434655159712, 2765495.615009221248329],
            [4802596.406304589472711, 2765493.386635712347925],
            [4802580.271079177036881, 2765488.695703689474612],
            [4802561.510748987086117, 2765483.639299967791885],
            [4802552.855397704988718, 2765480.753572547342628],
            [4802545.936086697503924, 2765478.446643177885562],
            [4802535.6885283049196, 2765477.983206760138273],
            [4802524.125163745135069, 2765476.399714854545891],
            [4802515.503018119372427, 2765476.18057000124827],
            [4802494.134154717437923, 2765475.506535092368722],
            [4802462.021245763637125, 2765475.24565981188789],
            [4802452.333725040778518, 2765474.15533239627257],
            [4802441.153068171814084, 2765474.820014829747379],
            [4802433.159452370367944, 2765475.722625620663166],
            [4802421.297526469454169, 2765478.013946742750704],
            [4802397.325099571608007, 2765483.09681068174541],
            [4802339.250664476305246, 2765490.799869675654918],
            [4802332.279910209588706, 2765498.196453783661127],
            [4802331.894271112047136, 2765498.76626440230757],
            [4802328.550808301195502, 2765503.70746921049431],
            [4802327.693480406887829, 2765543.819275178946555],
            [4802235.45916535332799, 2765537.774006568826735],
            [4802229.207773025147617, 2765536.671462540514767],
            [4802205.963367000222206, 2765535.629336848855019],
            [4802201.839345891028643, 2765535.394282495137304],
            [4802201.002901224419475, 2765546.142810320481658],
            [4802176.194748689420521, 2765544.606375363189727],
            [4802173.318282090127468, 2765544.42157478351146],
            [4802172.507851692847908, 2765544.369590922258794],
            [4802172.491150813177228, 2765544.719459398649633],
            [4802171.344419909641147, 2765568.613976061809808],
            [4802107.949493148364127, 2765566.059320220258087],
            [4802082.992507183924317, 2765565.05375433107838],
            [4802076.123305378481746, 2765565.952814057935029],
            [4802074.172153631225228, 2765563.709534822031856],
            [4802070.92810245230794, 2765563.222405614331365],
            [4802068.403683778829873, 2765573.602099484298378],
            [4802067.841169510036707, 2765574.544859162066132],
            [4802032.918796209618449, 2765573.277383260428905],
            [4801978.14029483217746, 2765571.289251154754311],
            [4801923.580384714528918, 2765569.308854609727859],
            [4801779.710329208523035, 2765564.087160512804985],
            [4801774.42181212361902, 2765563.895198998507112],
            [4801773.303158078342676, 2765563.854474475141615],
            [4801772.188910701312125, 2765563.892457537353039],
            [4801690.259152036160231, 2765566.666210780851543],
            [4801609.372309138067067, 2765582.671510418877006],
            [4801525.24348294083029, 2765606.165187755599618],
            [4801514.482890236191452, 2765609.170008887536824],
            [4801429.86739428434521, 2765645.818353412672877],
            [4801370.368877270258963, 2765679.172008762601763],
            [4801314.793028016574681, 2765711.716394106391817],
            [4801294.585758418776095, 2765721.888215137179941],
            [4801244.542507180012763, 2765747.079156695865095],
            [4801235.006700688973069, 2765751.879412335343659],
            [4801221.598588923923671, 2765758.628654845058918],
            [4801138.285185062326491, 2765798.947427393868566],
            [4801088.44801351800561, 2765823.065756048541516],
            [4800905.314846342429519, 2765911.75040178000927],
            [4800902.820859929546714, 2765912.958290186244994],
            [4800902.722366277128458, 2765909.981575202662498],
            [4800898.118916243314743, 2765770.571447189897299],
            [4800894.815442726947367, 2765650.097834828309715],
            [4800896.480453203432262, 2765571.156940161250532],
            [4800872.368349361233413, 2765506.460492617916316],
            [4800852.883090197108686, 2765472.306423854548484],
            [4800833.985180059447885, 2765439.181985899340361],
            [4800783.63207186665386, 2765346.965476198121905],
            [4800590.144151472486556, 2765402.295858746394515],
            [4800544.690330411307514, 2765416.207867680117488],
            [4800511.87659393530339, 2765425.171676626428962],
            [4800435.818228808231652, 2765441.559539897367358],
            [4800360.520352398045361, 2765456.200107091106474],
            [4800336.856841118074954, 2765461.957973349839449],
            [4800311.573752562515438, 2765468.243175641167909],
            [4800261.490268501453102, 2765483.102210308425128],
            [4800212.978137087076902, 2765497.983006732538342],
            [4800185.383402286097407, 2765503.58518777647987],
            [4800154.380914344452322, 2765507.140235297381878],
            [4800153.501846114173532, 2765507.179503693245351],
            [4800151.126633976586163, 2765507.285328809171915],
            [4800159.417746847495437, 2765546.926042233593762],
            [4800176.663269817829132, 2765597.903879872988909],
            [4800185.131371804513037, 2765626.489045906811953],
            [4800189.001371211372316, 2765644.986182590015233],
            [4800193.405653918161988, 2765658.732564571779221],
            [4800199.118662885390222, 2765671.313230415340513],
            [4800212.938773851841688, 2765697.18151659052819],
            [4800234.627753579989076, 2765732.74914538487792],
            [4800249.829390740022063, 2765760.840300013311207],
            [4800254.179981821216643, 2765771.299064628779888],
            [4800256.936721184290946, 2765782.001906241290271],
            [4800260.83763799071312, 2765805.598913084715605],
            [4800273.262204736471176, 2765885.930258214473724],
            [4800262.009961727075279, 2765889.420745905488729],
            [4800252.514461281709373, 2765893.689282013103366],
            [4800243.676631755195558, 2765899.5473334598355],
            [4800235.689879255369306, 2765907.749007027596235],
            [4800223.370627090334892, 2765927.244026351720095],
            [4800234.208037340082228, 2765946.801615837030113],
            [4800246.37198471929878, 2765968.032031735870987],
            [4800250.823070709593594, 2765976.191951863002032],
            [4800255.730860400013626, 2765982.385055862367153],
            [4800262.957035779953003, 2765991.67558789299801],
            [4800270.316148084588349, 2766000.55936879105866],
            [4800285.924659267999232, 2766016.858653751667589],
            [4800290.407890230417252, 2766021.302594918757677],
            [4800294.368648724630475, 2766026.218013500329107],
            [4800297.179907937534153, 2766030.635909999255091],
            [4800297.757495986297727, 2766031.543614062480628],
            [4800300.532723378390074, 2766037.213299393188208],
            [4800302.659808680415154, 2766043.156616126652807],
            [4800304.111968473531306, 2766049.299746646080166],
            [4800304.87158408947289, 2766055.566385131794959],
            [4800304.929004227742553, 2766061.878518869169056],
            [4800304.283537770621479, 2766068.157970406115055],
            [4800333.615923405624926, 2766150.680835017003119],
            [4800344.608978452160954, 2766181.608345032203943],
            [4800301.966999711468816, 2766202.028130935039371],
            [4800249.951105770654976, 2766226.937074495479465],
            [4800150.783448476344347, 2766274.425568317994475],
            [4800129.746522621251643, 2766284.499521142337471],
            [4799972.330159318633378, 2766363.224263173062354],
            [4799941.350195036269724, 2766386.044102004729211],
            [4799931.148375447839499, 2766393.558883083518595],
            [4799910.756714422255754, 2766408.579206176102161],
            [4799886.30513180885464, 2766426.590211149305105],
            [4799846.276445954106748, 2766464.333752186503261],
            [4799829.286858380772173, 2766480.353407791815698],
            [4799777.015061983838677, 2766539.586766596883535],
            [4799739.629992784932256, 2766592.445358669850975],
            [4799712.154976803809404, 2766636.243527674116194],
            [4799685.537266870029271, 2766686.993286363780499],
            [4799679.721655458211899, 2766698.081229315139353],
            [4799676.540413782931864, 2766705.575273994822055],
            [4799660.363046444952488, 2766743.683777662925422],
            [4799644.481294028460979, 2766788.76816166844219],
            [4799634.731111407279968, 2766820.393336936831474],
            [4799624.287017171271145, 2766860.473579067736864],
            [4799611.047374381683767, 2766931.391226499341428],
            [4799610.097950083203614, 2766943.138009880669415],
            [4799609.605997242964804, 2766949.222387749701738],
            [4799607.348536069504917, 2766977.147306196391582],
            [4799605.646287486888468, 2767045.946662888396531],
            [4799610.81555890943855, 2767049.795052073895931],
            [4799610.833357946947217, 2767054.792953911237419],
            [4799613.026979487389326, 2767074.440912691876292],
            [4799617.588383547030389, 2767115.296758443117142],
            [4799630.346049431711435, 2767229.563277137931436],
            [4799646.707005750387907, 2767376.102384476456791],
            [4799658.055728100240231, 2767477.749348658137023],
            [4799658.730877281166613, 2767483.796114844270051],
            [4799658.822526529431343, 2767484.617519765160978],
            [4799664.1948337033391, 2767532.734166693408042],
            [4799665.680555851198733, 2767537.027693450450897],
            [4799666.02579300198704, 2767549.134852737188339],
            [4799667.155760433524847, 2767588.756211983971298],
            [4799667.343754466623068, 2767595.343702577985823],
            [4799667.891756223514676, 2767614.562314823735505],
            [4799668.708950385451317, 2767638.840333797037601],
            [4799671.490261488594115, 2767721.47831709170714],
            [4799672.441757505759597, 2767749.746564281638712],
            [4799678.454899231903255, 2767808.52989212051034],
            [4799683.011956977657974, 2767853.079668707214296],
            [4799683.092042149044573, 2767853.778396984562278],
            [4799686.802350426092744, 2767886.234677185304463],
            [4799687.235365897417068, 2767886.226405691821128],
            [4799721.789859061129391, 2767882.997167854104191],
            [4799728.063508205115795, 2767882.410775920376182],
            [4799739.136402453295887, 2767881.376004529185593],
            [4799840.74947833456099, 2767871.879835519939661],
            [4799872.357589880935848, 2767871.071615827269852],
            [4799912.402945540845394, 2767872.380398550070822],
            [4799947.115355039015412, 2767876.48107833461836],
            [4799980.129729507490993, 2767884.315083625726402],
            [4800045.966180494055152, 2767896.089854325633496],
            [4800076.653270091861486, 2767901.913854585494846],
            [4800129.147614970803261, 2767911.8768754103221],
            [4800141.370986709371209, 2767914.451311353594065],
            [4800203.577596084214747, 2767927.553373121656477],
            [4800314.776733186095953, 2767950.181256605777889],
            [4800363.025317765772343, 2767959.145140745211393],
            [4800366.888229642994702, 2767959.936180256307125],
            [4800372.91630095988512, 2767961.17047856701538],
            [4800417.989894443191588, 2767970.401042897254229],
            [4800474.44615110848099, 2767982.613493602722883],
            [4800541.013829352334142, 2767996.870320873800665],
            [4800585.057574624195695, 2768005.685016732662916],
            [4800670.983467262238264, 2768031.044408585876226],
            [4800676.163905590772629, 2768032.721569822635502],
            [4800682.487972560338676, 2768034.769010712858289],
            [4800760.02846699859947, 2768059.872242640703917],
            [4800852.257321212440729, 2768090.466508814133704],
            [4800853.1286859838292, 2768090.755612421315163],
            [4800854.043629828840494, 2768091.059160103090107],
            [4800882.428671590983868, 2768101.109841250814497],
            [4800900.922896780073643, 2768107.159507316537201],
            [4800984.321081295609474, 2768136.216181339230388],
            [4800993.898811934515834, 2768139.553094929084182],
            [4801139.253056979738176, 2768187.821842388249934],
            [4801183.890775575302541, 2768202.278782529290766],
            [4801256.168979202397168, 2768226.973694441374391],
            [4801281.913545522838831, 2768235.812816089484841],
            [4801316.606357807293534, 2768246.708118392154574],
            [4801326.032349983230233, 2768249.2684206799604],
            [4801355.26713839918375, 2768259.434209133964032],
            [4801367.027011161670089, 2768262.899607386440039],
            [4801374.256973211653531, 2768265.074513858184218],
            [4801402.136848224326968, 2768274.754538206849247],
            [4801416.370424711145461, 2768279.770880398340523],
            [4801462.879644806496799, 2768294.959212807938457],
            [4801495.92799668200314, 2768306.08188642654568],
            [4801509.242459604516625, 2768310.595457355026156],
            [4801522.207546329125762, 2768314.851712946780026],
            [4801539.76666341163218, 2768321.196613231208175],
            [4801556.411090077832341, 2768326.734476409852505],
            [4801567.017683477140963, 2768330.264608810190111],
            [4801573.362702842801809, 2768332.402973872609437],
            [4801606.799049649387598, 2768343.316621503792703],
            [4801623.392058219760656, 2768349.212224567774683],
            [4801678.705032112076879, 2768368.460573335178196],
            [4801691.484845349565148, 2768372.735254152677953],
            [4801709.561652868054807, 2768379.356668632011861],
            [4801789.928051834926009, 2768414.896451246924698],
            [4801826.693356030620635, 2768434.401700088754296],
            [4801857.699623760767281, 2768451.468575030565262],
            [4801891.283714185468853, 2768474.690866022370756],
            [4801905.168656971305609, 2768484.291879551485181],
            [4801918.527835803106427, 2768494.722435256466269],
            [4801939.252083295024931, 2768510.535279843024909],
            [4801957.871869861148298, 2768526.249762713909149],
            [4801977.949786468409002, 2768544.127198448870331],
            [4801999.595670408569276, 2768564.207843635231256],
            [4802014.279536077752709, 2768579.369657838251442],
            [4802027.407675914466381, 2768593.952201541978866],
            [4802077.210077097639441, 2768643.597480585798621],
            [4802088.123161426745355, 2768654.628424822818488],
            [4802111.136397519148886, 2768678.372541678138077],
            [4802125.00887686572969, 2768693.327500738669187],
            [4802136.41149230953306, 2768705.325756542850286],
            [4802153.54009379260242, 2768722.486061181407422],
            [4802176.077531896531582, 2768744.222585508134216],
            [4802184.349552473053336, 2768752.50974487978965],
            [4802193.488490085117519, 2768761.352567825466394],
            [4802197.013981983065605, 2768765.776988060213625],
            [4802215.047665185295045, 2768784.835869671311229],
            [4802240.623979700729251, 2768810.444317899644375],
            [4802257.727845489047468, 2768827.980010791681707],
            [4802275.169811034575105, 2768845.575052367523313],
            [4802298.935889705084264, 2768870.084163200575858],
            [4802334.284529366530478, 2768907.472062105312943],
            [4802369.539853245019913, 2768943.50813646055758],
            [4802410.264911990612745, 2768986.260302745271474],
            [4802429.856569317169487, 2769005.646634545177221],
            [4802444.026507028378546, 2769019.35851285699755],
            [4802477.746929253451526, 2769053.582932670135051],
            [4802483.434253298677504, 2769059.202614977490157],
            [4802495.784624611958861, 2769072.088434264063835],
            [4802522.149969692341983, 2769099.643394506536424],
            [4802538.090538317337632, 2769116.62883375165984],
            [4802557.361461273394525, 2769138.186855935957283],
            [4802572.89563711732626, 2769153.973609902895987],
            [4802585.822983463294804, 2769165.489871178753674],
            [4802595.152754020877182, 2769175.999191362410784],
            [4802605.268845339305699, 2769185.635514675173908],
            [4802681.710308432579041, 2769261.986969056539237],
            [4802717.312193733640015, 2769299.253756836988032],
            [4802725.663118124008179, 2769309.26593406079337],
            [4802731.284328419715166, 2769315.537364918738604],
            [4802739.237341759726405, 2769323.699804824776947],
            [4802746.068588907830417, 2769330.05875429417938],
            [4802715.01842509303242, 2769350.147455274127424],
            [4802755.245911433361471, 2769416.056809283327311],
            [4802797.866466621868312, 2769485.172636558301747],
            [4802837.341587079688907, 2769536.624306421261281],
            [4802844.960595395416021, 2769546.51935523096472],
            [4802893.668678272515535, 2769611.458406182006001],
            [4802903.442107627168298, 2769624.488914308138192],
            [4802942.497016467154026, 2769702.8418033933267],
            [4802954.698342478834093, 2769728.495871096849442],
            [4802964.931533791124821, 2769749.904353987425566],
            [4802968.342350840568542, 2769756.853745277505368],
            [4802972.575439446605742, 2769765.321578056551516],
            [4802976.027412682771683, 2769773.086258629802614],
            [4802979.453192022629082, 2769780.290560729801655],
            [4802986.298412905074656, 2769799.243974541779608],
            [4802996.311089592985809, 2769826.697699930053204],
            [4803003.929808835498989, 2769846.837330959737301],
            [4803013.614931335672736, 2769873.168962272815406],
            [4803026.974256789311767, 2769907.668672706000507],
            [4803026.797831167466938, 2769917.842079858295619],
            [4803026.114452756941319, 2769927.622752564027905],
            [4803025.110302835702896, 2769939.326470500323921],
            [4803025.233136126771569, 2769942.413489887025207],
            [4803027.348844658583403, 2769945.962860178202391],
            [4803044.974584196694195, 2769955.795591210480779],
            [4803052.292584903538227, 2769959.349095137789845],
            [4803059.899414727464318, 2769962.232962029054761],
            [4803067.733854823745787, 2769964.424115418922156],
            [4803075.733189154416323, 2769965.904906226322055],
            [4803083.832768075168133, 2769966.663225943222642],
            [4803091.593495898880064, 2769966.708005855325609],
            [4803099.329602355137467, 2769966.089559445623308],
            [4803106.984512748196721, 2769964.812206257600337],
            [4803114.502450979314744, 2769962.8859006408602],
            [4803118.028352389112115, 2769961.740412933751941],
            [4803123.886059185490012, 2769959.173607497941703],
            [4803129.494001171551645, 2769956.09918291028589],
            [4803134.808175989426672, 2769952.540845542680472],
            [4803139.78712211176753, 2769948.526930935215205],
            [4803182.464552422054112, 2769910.484201660845429],
            [4803196.342184411361814, 2769901.731309494003654],
            [4803210.441185331903398, 2769899.991028776392341],
            [4803243.429945110343397, 2769895.357117973268032],
            [4803280.925745028071105, 2769891.369068372529],
            [4803295.04605037625879, 2769889.353683271910995],
            [4803313.379815224558115, 2769882.358982020057738],
            [4803326.539129186421633, 2769871.773919327184558],
            [4803336.628348568454385, 2769864.628585745114833],
            [4803345.598986994475126, 2769857.373168129939586],
            [4803359.19027678668499, 2769866.847894272767007],
            [4803406.77110737003386, 2769897.598519062623382],
            [4803454.280929688364267, 2769928.45931873191148],
            [4803466.325415420345962, 2769936.609162465669215],
            [4803472.502996150404215, 2769940.503740376792848],
            [4803496.619696078822017, 2769955.595955067314208],
            [4803503.794450731016695, 2769959.7284125094302],
            [4803539.632623045705259, 2769917.305266907438636],
            [4803544.743064049631357, 2769910.930733426939696],
            [4803580.546037789434195, 2769867.64499984588474],
            [4803586.270045000128448, 2769863.047273233532906],
            [4803619.775008938275278, 2769821.760021522641182],
            [4803627.107871451415122, 2769813.20275936415419],
            [4803648.386401699855924, 2769789.27051579579711],
            [4803659.81039725150913, 2769776.060054027475417],
            [4803691.232011698186398, 2769737.868548054248095],
            [4803735.192169355228543, 2769686.902224528603256],
            [4803777.361908569000661, 2769637.829294226132333],
            [4803740.52014609053731, 2769604.730820971075445],
            [4803708.825945528224111, 2769575.967288506217301],
            [4803696.543701057322323, 2769564.41885141376406],
            [4803687.108249540440738, 2769557.047982146963477],
            [4803675.261668419465423, 2769546.876888131257147],
            [4803664.874148082919419, 2769537.309046600479633],
            [4803650.245431400835514, 2769524.242414039094001],
            [4803638.109664765186608, 2769514.065535474568605],
            [4803606.718425718136132, 2769485.215008276049048],
            [4803587.374996856786311, 2769468.339157315436751],
            [4803574.416388515383005, 2769456.111731857992709],
            [4803534.511845845729113, 2769422.250007537193596],
            [4803509.398849906399846, 2769400.188111451920122],
            [4803477.405430316925049, 2769371.504595099482685],
            [4803446.73172926902771, 2769344.066985666751862],
            [4803421.469347350299358, 2769320.577547285705805],
            [4803413.075328613631427, 2769312.365520994178951],
            [4803396.068437964655459, 2769298.470988836139441],
            [4803370.636869253590703, 2769276.707207093480974],
            [4803346.710045212879777, 2769254.250618857797235],
            [4803330.167435648851097, 2769240.181495485827327],
            [4803316.764062670990825, 2769227.980021287687123],
            [4803333.085202611982822, 2769208.559841142036021],
            [4803346.562245992943645, 2769191.204175834544003],
            [4803331.624129552394152, 2769177.370620565023273],
            [4803304.41212061047554, 2769154.022707799449563],
            [4803285.990155329927802, 2769137.001146761700511],
            [4803263.739540644921362, 2769116.982397148385644],
            [4803233.885835492052138, 2769090.129859659820795],
            [4803225.104324288666248, 2769083.413354279939085],
            [4803215.332506676204503, 2769077.084605352487415],
            [4803208.625886176712811, 2769072.260347393807024],
            [4803201.482646455988288, 2769068.903786528855562],
            [4803194.166881720535457, 2769066.189738025888801],
            [4803185.074465339072049, 2769063.273332309443504],
            [4803177.920708568766713, 2769061.229212933685631],
            [4803170.040678226388991, 2769059.578018022701144],
            [4803161.848315235227346, 2769058.06736056227237],
            [4803157.25785003323108, 2769056.134093964938074],
            [4803137.774854000657797, 2769042.277903684414923],
            [4803129.022992927581072, 2769034.385655521880835],
            [4803121.764111522585154, 2769025.781961163040251],
            [4803117.877291102893651, 2769018.667644913308322],
            [4803094.735307836905122, 2768953.85022712033242],
            [4803090.305556231178343, 2768944.149905745871365],
            [4803086.263337352313101, 2768935.336227406747639],
            [4803074.284411194734275, 2768905.680274536833167],
            [4803067.778507555834949, 2768888.090807838365436],
            [4803063.085797674953938, 2768876.447715267539024],
            [4803056.999434144236147, 2768860.584783997852355],
            [4803054.498669226653874, 2768854.360319687984884],
            [4803052.739110444672406, 2768849.143127819523215],
            [4803051.400248727761209, 2768845.497208228334785],
            [4803050.291214456781745, 2768843.116729661356658],
            [4803193.339293987490237, 2768771.838749636895955],
            [4803150.593044463545084, 2768676.366441668476909],
            [4803143.026067261584103, 2768679.774212562013417],
            [4803121.104782521724701, 2768642.666125755291432],
            [4803093.369356269016862, 2768596.562543904408813],
            [4803059.032226451672614, 2768539.217529446817935],
            [4803042.042904320172966, 2768508.245753371622413],
            [4803080.385030331090093, 2768489.912211597431451],
            [4803089.07683808170259, 2768485.413905465044081],
            [4803164.858744563534856, 2768450.358801194000989],
            [4803166.529721713624895, 2768450.11582295037806],
            [4803154.301211947575212, 2768418.707732317969203],
            [4803202.279527740553021, 2768414.051699423696846],
            [4803252.138829448260367, 2768416.614610577002168],
            [4803278.18078033439815, 2768417.95325684780255],
            [4803282.693609685637057, 2768417.761321884579957],
            [4803290.940751073881984, 2768417.551512292120606],
            [4803301.639400212094188, 2768417.17015292448923],
            [4803309.393527252599597, 2768417.1663180408068],
            [4803316.163846882991493, 2768417.104443017859012],
            [4803315.794153776019812, 2768356.335210391785949],
            [4803315.190749692730606, 2767900.436644094064832],
            [4803313.784388869069517, 2767886.632063517812639],
            [4803332.619874531403184, 2767880.561682494357228],
            [4803356.858662588521838, 2767873.680033223237842],
            [4803369.955061447806656, 2767871.663306343834847],
            [4803383.149287986569107, 2767870.438533281441778],
            [4803396.393069034442306, 2767870.010314620099962],
            [4803409.63887919858098, 2767870.380371274892241],
            [4803422.838189881294966, 2767871.547112674452364],
            [4803435.943440114147961, 2767873.506288440898061],
            [4803448.906943242065609, 2767876.250884385313839],
            [4803491.670903889462352, 2767888.369415001012385],
            [4803491.58346345461905, 2767900.113712327554822],
            [4803500.531069885008037, 2767910.057407120242715],
            [4803500.801673945039511, 2767928.464928569737822],
            [4803504.123570599593222, 2767928.47309932205826],
            [4803565.228679971769452, 2767928.621704827062786],
            [4803568.382425104267895, 2767928.523842258378863],
            [4803581.435107004828751, 2767929.498553103767335],
            [4803594.4127999227494, 2767931.202552604489028],
            [4803607.274819979444146, 2767933.630332788452506],
            [4803619.980580777861178, 2767936.774394585750997],
            [4803632.490464897826314, 2767940.624800334218889],
            [4803675.207936752587557, 2767956.98591236025095],
            [4803671.60277805943042, 2767941.363115542568266],
            [4803670.799034877680242, 2767938.497011232189834],
            [4803668.360449728555977, 2767929.800886899698526],
            [4803663.565674846991897, 2767915.105870733037591],
            [4803659.094330689869821, 2767899.43537661479786],
            [4803654.58396547101438, 2767885.597987835295498],
            [4803654.072242443449795, 2767870.320572078227997],
            [4803654.288268653675914, 2767851.040449069812894],
            [4803654.052101264707744, 2767831.831137767992914],
            [4803653.13961445260793, 2767778.866385730914772],
            [4803653.284956326708198, 2767731.006588052026927],
            [4803653.051055937074125, 2767681.814454170875251],
            [4803652.36695004068315, 2767661.939242686145008],
            [4803651.964712422341108, 2767632.898431971669197],
            [4803652.14311932399869, 2767586.712962666060776],
            [4803652.326758943498135, 2767534.193410311359912],
            [4803652.478535627014935, 2767512.321113454177976],
            [4803652.506724514067173, 2767485.89850042713806],
            [4803652.178745873272419, 2767433.119590767659247],
            [4803650.716741478070617, 2767393.136405829340219],
            [4803650.786394911818206, 2767342.459809922613204],
            [4803651.073683402501047, 2767291.021015133708715],
            [4803651.151386071927845, 2767279.570602810010314],
            [4803660.368641033768654, 2767248.694276012480259],
            [4803662.768254676833749, 2767240.655160741414875],
            [4803666.48807910643518, 2767226.491203466895968],
            [4803672.739081752486527, 2767202.688577526248991],
            [4803683.567594199441373, 2767162.949267014861107],
            [4803694.050505188293755, 2767124.478279704693705],
            [4803702.226178091019392, 2767094.474026411771774],
            [4803711.289921430870891, 2767061.211768066510558],
            [4803727.077700613066554, 2766984.012928075622767],
            [4803727.163288865238428, 2766983.594535206910223],
            [4803732.069817162118852, 2766959.6022216132842],
            [4803717.604223283939064, 2766955.061504496727139],
            [4803705.393854117020965, 2766951.228466895408928],
            [4803702.673650691285729, 2766950.374608392827213],
            [4803683.190689045935869, 2766945.876481903716922],
            [4803666.111753118224442, 2766941.9332141042687],
            [4803633.913074560463428, 2766934.499256228096783],
            [4803575.728949103504419, 2766918.28338429145515],
            [4803567.78216121532023, 2766916.068562053609639],
            [4803555.176484452560544, 2766913.500316470861435],
            [4803540.048937670886517, 2766913.803723187185824],
            [4803508.144153353758156, 2766919.579742706380785],
            [4803476.470030844211578, 2766925.313948128372431],
            [4803453.409768054261804, 2766929.488758432678878],
            [4803453.27978441119194, 2766867.822267337702215],
            [4803449.902820986695588, 2766808.888109107967466],
            [4803450.185498180799186, 2766643.126000368501991],
            [4803452.766450830735266, 2766584.038917358964682],
            [4803452.416004602797329, 2766414.359197163023055],
            [4803452.411850038915873, 2766412.303971365559846],
            [4803452.390783557668328, 2766397.042982530780137],
            [4803530.218034191057086, 2766389.116227263584733],
            [4803631.096169449388981, 2766378.842093904968351],
            [4803642.469602087512612, 2766483.358107349369675],
            [4803673.909131208434701, 2766496.418018649332225],
            [4803742.170407545752823, 2766524.773577967658639],
            [4803896.603082775138319, 2766506.560505922883749],
            [4803929.806530455127358, 2766499.737879388034344],
            [4803930.097861770540476, 2766498.835471605416387],
            [4803930.387045045383275, 2766497.939379666000605],
            [4803931.421237392351031, 2766494.734698844607919],
            [4803932.469081175513566, 2766489.799797429703176],
            [4803932.47386257071048, 2766489.776878897566348],
            [4803933.579543612897396, 2766484.570822734385729],
            [4803934.152736338786781, 2766481.871026569977403],
            [4803934.55019273608923, 2766480.52964795101434],
            [4803935.178405938670039, 2766478.40885515185073],
            [4803935.981458365917206, 2766475.698183367960155],
            [4803938.767744298093021, 2766470.509565717540681],
            [4803939.101995980367064, 2766470.227922088466585],
            [4803943.094194035977125, 2766466.862133286427706],
            [4803948.321447125636041, 2766464.559313857927918],
            [4803954.602687643840909, 2766462.070208679884672],
            [4803955.470202282071114, 2766461.711418818216771],
            [4803968.939568595960736, 2766456.139869921375066],
            [4803968.475210150703788, 2766456.098064702469856],
            [4803963.839163224212825, 2766455.017370976507664],
            [4803959.398242563940585, 2766453.303441637195647],
            [4803956.939852974377573, 2766451.936014529783279],
            [4803955.2382105384022, 2766450.989383458159864],
            [4803951.439873224124312, 2766448.120164726860821],
            [4803948.07677639182657, 2766444.751080810558051],
            [4803945.214004181325436, 2766440.947871906682849],
            [4803942.906959284096956, 2766436.78374463506043],
            [4803941.200819192454219, 2766432.339817586820573],
            [4803938.084776983596385, 2766420.616472588852048],
            [4803937.961392696015537, 2766420.118599086999893]
          ]
        ]
      }
    },
    {
      "type": "Feature",
      "properties": {
        "objectid": 2,
        "nombre": "Suroriente",
        "identificador": "04",
        "st_area(shape)": 17428775.440384556
      },
      "geometry": {
        "type": "Polygon",
        "coordinates": [
          [
            [4803968.939568595960736, 2766456.139869921375066],
            [4803955.470202282071114, 2766461.711418818216771],
            [4803954.602687643840909, 2766462.070208679884672],
            [4803948.321447125636041, 2766464.559313857927918],
            [4803943.094194035977125, 2766466.862133286427706],
            [4803939.101995980367064, 2766470.227922088466585],
            [4803938.767744298093021, 2766470.509565717540681],
            [4803935.981458365917206, 2766475.698183367960155],
            [4803935.178405938670039, 2766478.40885515185073],
            [4803934.55019273608923, 2766480.52964795101434],
            [4803934.152736338786781, 2766481.871026569977403],
            [4803933.579543612897396, 2766484.570822734385729],
            [4803932.47386257071048, 2766489.776878897566348],
            [4803932.469081175513566, 2766489.799797429703176],
            [4803931.421237392351031, 2766494.734698844607919],
            [4803930.387045045383275, 2766497.939379666000605],
            [4803930.097861770540476, 2766498.835471605416387],
            [4803929.806530455127358, 2766499.737879388034344],
            [4803896.603082775138319, 2766506.560505922883749],
            [4803742.170407545752823, 2766524.773577967658639],
            [4803673.909131208434701, 2766496.418018649332225],
            [4803642.469602087512612, 2766483.358107349369675],
            [4803631.096169449388981, 2766378.842093904968351],
            [4803530.218034191057086, 2766389.116227263584733],
            [4803452.390783557668328, 2766397.042982530780137],
            [4803452.411850038915873, 2766412.303971365559846],
            [4803452.416004602797329, 2766414.359197163023055],
            [4803452.766450830735266, 2766584.038917358964682],
            [4803450.185498180799186, 2766643.126000368501991],
            [4803449.902820986695588, 2766808.888109107967466],
            [4803453.27978441119194, 2766867.822267337702215],
            [4803453.409768054261804, 2766929.488758432678878],
            [4803476.470030844211578, 2766925.313948128372431],
            [4803508.144153353758156, 2766919.579742706380785],
            [4803540.048937670886517, 2766913.803723187185824],
            [4803555.176484452560544, 2766913.500316470861435],
            [4803567.78216121532023, 2766916.068562053609639],
            [4803575.728949103504419, 2766918.28338429145515],
            [4803633.913074560463428, 2766934.499256228096783],
            [4803666.111753118224442, 2766941.9332141042687],
            [4803683.190689045935869, 2766945.876481903716922],
            [4803702.673650691285729, 2766950.374608392827213],
            [4803705.393854117020965, 2766951.228466895408928],
            [4803717.604223283939064, 2766955.061504496727139],
            [4803732.069817162118852, 2766959.6022216132842],
            [4803727.163288865238428, 2766983.594535206910223],
            [4803727.077700613066554, 2766984.012928075622767],
            [4803711.289921430870891, 2767061.211768066510558],
            [4803702.226178091019392, 2767094.474026411771774],
            [4803694.050505188293755, 2767124.478279704693705],
            [4803683.567594199441373, 2767162.949267014861107],
            [4803672.739081752486527, 2767202.688577526248991],
            [4803666.48807910643518, 2767226.491203466895968],
            [4803662.768254676833749, 2767240.655160741414875],
            [4803660.368641033768654, 2767248.694276012480259],
            [4803651.151386071927845, 2767279.570602810010314],
            [4803651.073683402501047, 2767291.021015133708715],
            [4803650.786394911818206, 2767342.459809922613204],
            [4803650.716741478070617, 2767393.136405829340219],
            [4803652.178745873272419, 2767433.119590767659247],
            [4803652.506724514067173, 2767485.89850042713806],
            [4803652.478535627014935, 2767512.321113454177976],
            [4803652.326758943498135, 2767534.193410311359912],
            [4803652.14311932399869, 2767586.712962666060776],
            [4803651.964712422341108, 2767632.898431971669197],
            [4803652.36695004068315, 2767661.939242686145008],
            [4803653.051055937074125, 2767681.814454170875251],
            [4803653.284956326708198, 2767731.006588052026927],
            [4803653.13961445260793, 2767778.866385730914772],
            [4803654.052101264707744, 2767831.831137767992914],
            [4803654.288268653675914, 2767851.040449069812894],
            [4803654.072242443449795, 2767870.320572078227997],
            [4803654.58396547101438, 2767885.597987835295498],
            [4803659.094330689869821, 2767899.43537661479786],
            [4803663.565674846991897, 2767915.105870733037591],
            [4803668.360449728555977, 2767929.800886899698526],
            [4803670.799034877680242, 2767938.497011232189834],
            [4803671.60277805943042, 2767941.363115542568266],
            [4803675.207936752587557, 2767956.98591236025095],
            [4803632.490464897826314, 2767940.624800334218889],
            [4803619.980580777861178, 2767936.774394585750997],
            [4803607.274819979444146, 2767933.630332788452506],
            [4803594.4127999227494, 2767931.202552604489028],
            [4803581.435107004828751, 2767929.498553103767335],
            [4803568.382425104267895, 2767928.523842258378863],
            [4803565.228679971769452, 2767928.621704827062786],
            [4803504.123570599593222, 2767928.47309932205826],
            [4803500.801673945039511, 2767928.464928569737822],
            [4803500.531069885008037, 2767910.057407120242715],
            [4803491.58346345461905, 2767900.113712327554822],
            [4803491.670903889462352, 2767888.369415001012385],
            [4803448.906943242065609, 2767876.250884385313839],
            [4803435.943440114147961, 2767873.506288440898061],
            [4803422.838189881294966, 2767871.547112674452364],
            [4803409.63887919858098, 2767870.380371274892241],
            [4803396.393069034442306, 2767870.010314620099962],
            [4803383.149287986569107, 2767870.438533281441778],
            [4803369.955061447806656, 2767871.663306343834847],
            [4803356.858662588521838, 2767873.680033223237842],
            [4803332.619874531403184, 2767880.561682494357228],
            [4803313.784388869069517, 2767886.632063517812639],
            [4803315.190749692730606, 2767900.436644094064832],
            [4803315.794153776019812, 2768356.335210391785949],
            [4803316.163846882991493, 2768417.104443017859012],
            [4803309.393527252599597, 2768417.1663180408068],
            [4803301.639400212094188, 2768417.17015292448923],
            [4803290.940751073881984, 2768417.551512292120606],
            [4803282.693609685637057, 2768417.761321884579957],
            [4803278.18078033439815, 2768417.95325684780255],
            [4803252.138829448260367, 2768416.614610577002168],
            [4803202.279527740553021, 2768414.051699423696846],
            [4803154.301211947575212, 2768418.707732317969203],
            [4803166.529721713624895, 2768450.11582295037806],
            [4803164.858744563534856, 2768450.358801194000989],
            [4803089.07683808170259, 2768485.413905465044081],
            [4803080.385030331090093, 2768489.912211597431451],
            [4803042.042904320172966, 2768508.245753371622413],
            [4803059.032226451672614, 2768539.217529446817935],
            [4803093.369356269016862, 2768596.562543904408813],
            [4803121.104782521724701, 2768642.666125755291432],
            [4803143.026067261584103, 2768679.774212562013417],
            [4803150.593044463545084, 2768676.366441668476909],
            [4803193.339293987490237, 2768771.838749636895955],
            [4803050.291214456781745, 2768843.116729661356658],
            [4803051.400248727761209, 2768845.497208228334785],
            [4803052.739110444672406, 2768849.143127819523215],
            [4803054.498669226653874, 2768854.360319687984884],
            [4803056.999434144236147, 2768860.584783997852355],
            [4803063.085797674953938, 2768876.447715267539024],
            [4803067.778507555834949, 2768888.090807838365436],
            [4803074.284411194734275, 2768905.680274536833167],
            [4803086.263337352313101, 2768935.336227406747639],
            [4803090.305556231178343, 2768944.149905745871365],
            [4803094.735307836905122, 2768953.85022712033242],
            [4803117.877291102893651, 2769018.667644913308322],
            [4803121.764111522585154, 2769025.781961163040251],
            [4803129.022992927581072, 2769034.385655521880835],
            [4803137.774854000657797, 2769042.277903684414923],
            [4803157.25785003323108, 2769056.134093964938074],
            [4803161.848315235227346, 2769058.06736056227237],
            [4803170.040678226388991, 2769059.578018022701144],
            [4803177.920708568766713, 2769061.229212933685631],
            [4803185.074465339072049, 2769063.273332309443504],
            [4803194.166881720535457, 2769066.189738025888801],
            [4803201.482646455988288, 2769068.903786528855562],
            [4803208.625886176712811, 2769072.260347393807024],
            [4803215.332506676204503, 2769077.084605352487415],
            [4803225.104324288666248, 2769083.413354279939085],
            [4803233.885835492052138, 2769090.129859659820795],
            [4803263.739540644921362, 2769116.982397148385644],
            [4803285.990155329927802, 2769137.001146761700511],
            [4803304.41212061047554, 2769154.022707799449563],
            [4803331.624129552394152, 2769177.370620565023273],
            [4803346.562245992943645, 2769191.204175834544003],
            [4803333.085202611982822, 2769208.559841142036021],
            [4803316.764062670990825, 2769227.980021287687123],
            [4803330.167435648851097, 2769240.181495485827327],
            [4803346.710045212879777, 2769254.250618857797235],
            [4803370.636869253590703, 2769276.707207093480974],
            [4803396.068437964655459, 2769298.470988836139441],
            [4803413.075328613631427, 2769312.365520994178951],
            [4803421.469347350299358, 2769320.577547285705805],
            [4803446.73172926902771, 2769344.066985666751862],
            [4803477.405430316925049, 2769371.504595099482685],
            [4803509.398849906399846, 2769400.188111451920122],
            [4803534.511845845729113, 2769422.250007537193596],
            [4803574.416388515383005, 2769456.111731857992709],
            [4803587.374996856786311, 2769468.339157315436751],
            [4803606.718425718136132, 2769485.215008276049048],
            [4803638.109664765186608, 2769514.065535474568605],
            [4803650.245431400835514, 2769524.242414039094001],
            [4803664.874148082919419, 2769537.309046600479633],
            [4803675.261668419465423, 2769546.876888131257147],
            [4803687.108249540440738, 2769557.047982146963477],
            [4803696.543701057322323, 2769564.41885141376406],
            [4803708.825945528224111, 2769575.967288506217301],
            [4803740.52014609053731, 2769604.730820971075445],
            [4803777.361908569000661, 2769637.829294226132333],
            [4803735.192169355228543, 2769686.902224528603256],
            [4803691.232011698186398, 2769737.868548054248095],
            [4803659.81039725150913, 2769776.060054027475417],
            [4803648.386401699855924, 2769789.27051579579711],
            [4803627.107871451415122, 2769813.20275936415419],
            [4803619.775008938275278, 2769821.760021522641182],
            [4803586.270045000128448, 2769863.047273233532906],
            [4803580.546037789434195, 2769867.64499984588474],
            [4803544.743064049631357, 2769910.930733426939696],
            [4803539.632623045705259, 2769917.305266907438636],
            [4803503.794450731016695, 2769959.7284125094302],
            [4803514.237355941906571, 2769966.650436582043767],
            [4803517.377717916853726, 2769968.387815142981708],
            [4803558.323330344632268, 2769990.42146012140438],
            [4803567.61807781457901, 2769994.241375509649515],
            [4803581.968654289841652, 2769998.921614550054073],
            [4803596.760159621015191, 2770003.406816384755075],
            [4803611.49560028873384, 2770007.19558968488127],
            [4803624.318745449185371, 2770010.289946909993887],
            [4803631.059456335380673, 2770011.493412924930453],
            [4803671.122228613123298, 2770016.897571018896997],
            [4803682.810206523165107, 2770018.257409695535898],
            [4803686.989799726754427, 2770018.731408841442317],
            [4803689.658265829086304, 2770018.938747962936759],
            [4803722.824603797867894, 2770020.997364722192287],
            [4803751.76464481651783, 2770022.85011148545891],
            [4803796.281324756331742, 2770026.805670004338026],
            [4803825.635216727852821, 2770029.000691691413522],
            [4803848.21035067923367, 2770030.939578777179122],
            [4803860.407896959222853, 2770031.762335889041424],
            [4803893.928803278133273, 2770033.352356987539679],
            [4803908.185771638527513, 2770033.763327631168067],
            [4803926.692508402280509, 2770033.792905899230391],
            [4803952.009392248466611, 2770044.097305808216333],
            [4803974.736148939467967, 2770054.67182322172448],
            [4803988.580260629765689, 2770061.258334276266396],
            [4804008.259349776431918, 2770070.190442647784948],
            [4804023.271756766363978, 2770077.165883944369853],
            [4804040.228828115388751, 2770086.202246624045074],
            [4804084.011989848688245, 2770106.993887058459222],
            [4804125.774331580847502, 2770128.488184563815594],
            [4804147.983440509997308, 2770137.626459878403693],
            [4804168.735391281545162, 2770148.937813762109727],
            [4804196.585581467486918, 2770162.643012115266174],
            [4804220.394633154384792, 2770174.368897055275738],
            [4804256.066611615940928, 2770189.756509573198855],
            [4804270.486578308045864, 2770196.000433483161032],
            [4804292.039553686976433, 2770206.75551105523482],
            [4804308.489166599698365, 2770215.649263667408377],
            [4804359.674362378194928, 2770242.215251835528761],
            [4804379.674309159629047, 2770254.925496567040682],
            [4804396.498447579331696, 2770268.690332408063114],
            [4804400.777709639631212, 2770271.932974619790912],
            [4804405.594788179732859, 2770275.893402622547001],
            [4804440.795952613465488, 2770303.321422105655074],
            [4804455.546784393489361, 2770315.481813513673842],
            [4804468.053767256438732, 2770329.912493044976145],
            [4804478.194926235824823, 2770345.045270476490259],
            [4804489.670454951003194, 2770363.434557419735938],
            [4804507.804051334969699, 2770389.994300639722496],
            [4804523.647439019754529, 2770407.019167796708643],
            [4804540.550705048255622, 2770421.601215713191777],
            [4804556.303326211869717, 2770433.011036952026188],
            [4804571.90270287822932, 2770442.593441181816161],
            [4804589.372851319611073, 2770449.240330702159554],
            [4804610.399079139344394, 2770464.259801305830479],
            [4804664.864207940176129, 2770491.729467475786805],
            [4804693.646448052488267, 2770508.36172476503998],
            [4804682.167742762714624, 2770512.86593437474221],
            [4804658.735337640158832, 2770520.729808786418289],
            [4804646.939026191830635, 2770525.23768816050142],
            [4804625.688318701460958, 2770531.313816037960351],
            [4804582.292778902687132, 2770544.45537324808538],
            [4804573.151463627815247, 2770546.507219874300063],
            [4804559.375349193811417, 2770550.420809873379767],
            [4804505.672427739948034, 2770565.958642556332052],
            [4804494.893084021285176, 2770569.401288150344044],
            [4804484.423303503543139, 2770572.84596735984087],
            [4804435.564190004952252, 2770586.236407289281487],
            [4804425.98939379490912, 2770591.221144177019596],
            [4804427.762457525357604, 2770596.954914384521544],
            [4804477.930455783382058, 2770759.191802270710468],
            [4804481.857887792401016, 2770774.370362422429025],
            [4804491.284447181969881, 2770820.16775191295892],
            [4804494.543410912156105, 2770834.100619323551655],
            [4804498.592652747407556, 2770848.17519542761147],
            [4804523.917851456440985, 2770929.900456740055233],
            [4804550.899046522565186, 2771018.971895613241941],
            [4804553.426699070259929, 2771027.157167867291719],
            [4804555.611804555170238, 2771034.386298813391477],
            [4804591.218719626776874, 2771152.719405548647046],
            [4804593.818223286420107, 2771162.186208050698042],
            [4804589.26425152644515, 2771164.377228987403214],
            [4804561.386539964936674, 2771174.191672910936177],
            [4804538.277787814848125, 2771183.313082586508244],
            [4804477.402615497820079, 2771207.910405850503594],
            [4804442.047750450670719, 2771219.747619022615254],
            [4804407.703854165971279, 2771231.243356863036752],
            [4804384.202682218514383, 2771240.821598977781832],
            [4804361.934276344254613, 2771248.82891473127529],
            [4804340.607074277475476, 2771256.83628341043368],
            [4804306.891666385345161, 2771268.781887491699308],
            [4804288.369241579435766, 2771284.654435055330396],
            [4804276.503162343986332, 2771294.822868138551712],
            [4804276.304551650770009, 2771294.993017949163914],
            [4804243.235130717046559, 2771323.331501380540431],
            [4804245.105756224133074, 2771327.978671143297106],
            [4804247.780944741331041, 2771335.442066633142531],
            [4804251.004373678006232, 2771344.384306428488344],
            [4804254.095096089877188, 2771352.601154871284962],
            [4804256.688982096500695, 2771360.540199089795351],
            [4804258.886168842203915, 2771367.292976927477866],
            [4804262.041274927556515, 2771376.212070310022682],
            [4804266.100580048747361, 2771388.111008009873331],
            [4804303.436054291203618, 2771491.744576497003436],
            [4804336.478216799907386, 2771580.151695524342358],
            [4804345.760716881603003, 2771602.794266178272665],
            [4804361.474709351547062, 2771640.336405999492854],
            [4804372.100160719826818, 2771665.40773219242692],
            [4804375.195380956865847, 2771675.415627970360219],
            [4804392.917031468823552, 2771738.872391491662711],
            [4804425.138718327507377, 2771864.445295226294547],
            [4804426.83924787119031, 2771871.838307166472077],
            [4804430.552563040517271, 2771886.971131865866482],
            [4804436.930349711328745, 2771910.605547919869423],
            [4804441.923116798512638, 2771930.291201233863831],
            [4804447.68490057066083, 2771951.433595936279744],
            [4804452.728379562497139, 2771971.325069226324558],
            [4804457.10352115239948, 2771985.988963044714183],
            [4804462.987117733806372, 2771985.861488973721862],
            [4804550.675737769342959, 2771962.504705619066954],
            [4804555.508980059996247, 2771962.482247530482709],
            [4804610.947516408748925, 2771945.674164930358529],
            [4804654.833574038930237, 2771932.663989779073745],
            [4804687.862805591896176, 2771923.269610684365034],
            [4804752.831899468787014, 2771905.38678602129221],
            [4804805.767254040576518, 2771890.758662399835885],
            [4804816.853368901647627, 2771888.101668324321508],
            [4804914.929647782817483, 2771857.305426796432585],
            [4804965.801487556658685, 2771839.142652589362115],
            [4805019.896342888474464, 2771821.621772308833897],
            [4805067.992040930315852, 2771804.045914899557829],
            [4805070.747850641608238, 2771803.129439823329449],
            [4805114.81814599595964, 2771788.474301397334784],
            [4805132.713526141829789, 2771782.162940511479974],
            [4805172.082590601406991, 2771770.016306831035763],
            [4805195.322275974787772, 2771762.672207092866302],
            [4805265.611185332760215, 2771740.217430244665593],
            [4805329.851910525001585, 2771715.220157660078257],
            [4805357.927405941300094, 2771704.715243889018893],
            [4805387.764776550233364, 2771693.494641403201967],
            [4805432.907250438816845, 2771674.687103301286697],
            [4805455.670656866393983, 2771665.203213477972895],
            [4805511.100346943363547, 2771642.717483337037265],
            [4805593.08261233381927, 2771609.486054009757936],
            [4805647.102986616082489, 2771587.222563795745373],
            [4805709.469325517304242, 2771559.076188655570149],
            [4805758.282786947675049, 2771536.559951690491289],
            [4805787.049957577139139, 2771524.78478457313031],
            [4805796.765710176900029, 2771520.807861727196723],
            [4805807.128476553596556, 2771516.566039598081261],
            [4805838.965669584460557, 2771502.158124634530395],
            [4805870.382897099480033, 2771487.197616933844984],
            [4805880.213732673786581, 2771484.036561935208738],
            [4805932.350153950043023, 2771460.115207511931658],
            [4805968.950193291530013, 2771445.323683249298483],
            [4806000.57847669813782, 2771432.838721867185086],
            [4806003.749569481238723, 2771431.448261093813926],
            [4806009.162266592495143, 2771429.074784521013498],
            [4806028.134210392832756, 2771420.937478180974722],
            [4806053.475907089188695, 2771410.392648198641837],
            [4806073.662644595839083, 2771401.922324078157544],
            [4806087.740152115002275, 2771395.642595221754164],
            [4806099.066850120201707, 2771391.764082704670727],
            [4806131.880072779022157, 2771379.800952685531229],
            [4806171.87525898963213, 2771366.845065913163126],
            [4806199.068720837123692, 2771359.510396825149655],
            [4806224.134050321765244, 2771355.799823815468699],
            [4806269.304901053197682, 2771345.732399648055434],
            [4806358.70521308388561, 2771328.779909855220467],
            [4806425.328583102673292, 2771315.349433458875865],
            [4806430.09675703663379, 2771315.067677991464734],
            [4806662.661728383973241, 2771272.319123212713748],
            [4806809.606409278698266, 2771245.308880033902824],
            [4806759.95507098082453, 2771618.461313692387193],
            [4806757.539672767743468, 2771636.614916826598346],
            [4806764.238534475676715, 2771637.465123631991446],
            [4806818.44674772489816, 2771644.344028532505035],
            [4806913.042371492832899, 2771638.602763790171593],
            [4806997.863258460536599, 2771637.391343709547073],
            [4807060.175601476803422, 2771636.522202499210835],
            [4807129.883931270800531, 2771641.411834446713328],
            [4807231.656722801737487, 2771649.08492742292583],
            [4807307.495870469138026, 2771656.452410388272256],
            [4807346.264183634892106, 2771666.06589086400345],
            [4807387.762196811847389, 2771672.264107283204794],
            [4807429.36631163302809, 2771670.099013331346214],
            [4807476.759419274516404, 2771659.908413183409721],
            [4807550.609647991135716, 2771643.869969503488392],
            [4807772.961124053224921, 2771599.353114879224449],
            [4807773.125150376930833, 2771599.320308555383235],
            [4807787.860353660769761, 2771596.467864595353603],
            [4807782.903722334653139, 2771560.194150509312749],
            [4807781.397007513791323, 2771554.607912615407258],
            [4807780.197635931894183, 2771550.159830780234188],
            [4807775.907800363376737, 2771540.664226875640452],
            [4807774.773768864572048, 2771536.459477902390063],
            [4807773.201601874083281, 2771530.629907892085612],
            [4807777.904353335499763, 2771521.079591883346438],
            [4807784.347533992491663, 2771514.557240419089794],
            [4807785.26459018047899, 2771513.628876492846757],
            [4807793.692592644132674, 2771507.75860834075138],
            [4807803.191454807296395, 2771503.997888260986656],
            [4807812.151685900054872, 2771498.653188412077725],
            [4807822.185978661291301, 2771495.947026221547276],
            [4807824.769460977055132, 2771485.880550359375775],
            [4807824.708165830001235, 2771475.830207018181682],
            [4807820.944047905504704, 2771465.802515846677125],
            [4807818.766992635093629, 2771455.764989400282502],
            [4807811.842097773216665, 2771447.872368897311389],
            [4807804.920403075404465, 2771440.508738257922232],
            [4807802.616080855950713, 2771437.200548609253019],
            [4807799.050014630891383, 2771432.080612150020897],
            [4807798.459802304394543, 2771422.033693418838084],
            [4807801.043286635540426, 2771411.967105330899358],
            [4807803.547006467357278, 2771407.167286101728678],
            [4807805.749161052517593, 2771402.94556624814868],
            [4807811.516287442296743, 2771394.446607744786888],
            [4807816.751191530376673, 2771385.421977080404758],
            [4807820.395935423672199, 2771375.877971767447889],
            [4807820.863448603078723, 2771365.824315071105957],
            [4807820.802267469465733, 2771355.773971588816494],
            [4807822.306405554525554, 2771355.950615160632879],
            [4807821.957639283500612, 2771354.343074154108763],
            [4807821.896349798887968, 2771344.292731426190585],
            [4807821.835060791112483, 2771334.242388752754778],
            [4807822.831710441038013, 2771324.185527503024787],
            [4807823.312256766483188, 2771316.247714747674763],
            [4807816.435819131322205, 2771316.289808716624975],
            [4807805.850023576058447, 2771315.296246530953795],
            [4807798.998347115702927, 2771314.360021782573313],
            [4807798.438044649548829, 2771314.283461162354797],
            [4807798.402483232319355, 2771308.464806706644595],
            [4807799.469243737868965, 2771306.024845091626048],
            [4807802.576149664819241, 2771298.91759632807225],
            [4807808.823842823505402, 2771282.480827237479389],
            [4807808.805202746763825, 2771279.424325240775943],
            [4807808.762552876025438, 2771272.430484312586486],
            [4807809.737452961504459, 2771270.200496307574213],
            [4807812.936337694525719, 2771262.883275999687612],
            [4807817.642243970185518, 2771253.861853841226548],
            [4807818.83019582927227, 2771248.042901108507067],
            [4807819.270262263715267, 2771245.887585530988872],
            [4807819.696731104515493, 2771243.79858600301668],
            [4807821.636141939088702, 2771237.860237578861415],
            [4807822.812472932040691, 2771234.257788519375026],
            [4807830.708333181217313, 2771227.861868993379176],
            [4807837.776352355256677, 2771225.582210959866643],
            [4807840.739292147569358, 2771224.626738602295518],
            [4807848.635157172568142, 2771218.230713744647801],
            [4807849.102908434346318, 2771208.177169383037835],
            [4807845.871116950176656, 2771198.674926073756069],
            [4807847.925727989524603, 2771188.611661578994244],
            [4807848.393371724523604, 2771178.558118054643273],
            [4807849.014711814932525, 2771171.937137694563717],
            [4807849.386950019747019, 2771167.972381778527051],
            [4807851.44134643767029, 2771157.909008858259767],
            [4807853.495963764376938, 2771147.845745618920773],
            [4807855.909188318997622, 2771140.456495823338628],
            [4807856.611728648655117, 2771138.304954828228801],
            [4807857.079487586393952, 2771128.251411614008248],
            [4807859.143823665566742, 2771119.775004235096276],
            [4807859.130907621234655, 2771117.659050228539854],
            [4807859.069750498048961, 2771107.608709907159209],
            [4807859.00826608389616, 2771097.55837155552581],
            [4807859.476137029007077, 2771087.504717610776424],
            [4807859.943681657314301, 2771077.451176266651601],
            [4807859.883935241959989, 2771067.641778441146016],
            [4807859.882416866719723, 2771067.400726274587214],
            [4807859.917498230934143, 2771067.028314094990492],
            [4807860.875898280180991, 2771056.814882203936577],
            [4807862.930639182217419, 2771046.751620955765247],
            [4807862.986346949823201, 2771045.552624828182161],
            [4807863.39818752836436, 2771036.698080158792436],
            [4807863.865954550914466, 2771026.644427622668445],
            [4807863.837893187068403, 2771022.049393313936889],
            [4807863.804584867320955, 2771016.594089309684932],
            [4807864.298181812278926, 2771010.772234040312469],
            [4807872.768061857670546, 2771011.778529636561871],
            [4807879.122045203112066, 2771012.797857735771686],
            [4807879.067300892435014, 2771003.805385509040207],
            [4807869.000837558880448, 2771001.221729878336191],
            [4807868.410551326349378, 2770991.174704649019986],
            [4807870.994220835156739, 2770981.108022044878453],
            [4807870.932855588383973, 2770971.057684317231178],
            [4807867.701060285791755, 2770961.555658690165728],
            [4807864.465951794758439, 2770951.52442402811721],
            [4807863.681947898119688, 2770944.487813039682806],
            [4807863.346854894421995, 2770941.480710833799094],
            [4807863.285488626919687, 2770931.430262398440391],
            [4807865.011537152342498, 2770924.705408146139234],
            [4807865.869165696203709, 2770921.36380138900131],
            [4807865.807911101728678, 2770911.313463124446571],
            [4807865.476776456460357, 2770905.412942146416754],
            [4807865.214424572885036, 2770900.737228346057236],
            [4807864.624249148182571, 2770890.690092105884105],
            [4807865.86610194016248, 2770885.264158356469125],
            [4807866.34500577673316, 2770883.171316175255924],
            [4807866.685302741825581, 2770881.684811666142195],
            [4807869.330238838680089, 2770881.668689875863492],
            [4807879.909545866772532, 2770881.604207392781973],
            [4807882.653592231683433, 2770878.1308255456388],
            [4807886.20870609767735, 2770873.630848907865584],
            [4807886.147460096515715, 2770863.580511846579611],
            [4807886.086215219460428, 2770853.530285419430584],
            [4807886.024860265664756, 2770843.47983852494508],
            [4807885.960633700713515, 2770832.900511844083667],
            [4807886.957234380766749, 2770822.843661592807621],
            [4807886.895990477874875, 2770812.793214279226959],
            [4807887.360361039638519, 2770802.210688380058855],
            [4807893.766984994523227, 2770551.431606528349221],
            [4807904.928877307102084, 2770212.811971442773938],
            [4807917.381839220412076, 2769825.517501100897789],
            [4807916.533330953679979, 2769825.489059860818088],
            [4807916.535072566010058, 2769825.431770112831146],
            [4807877.124609867110848, 2769645.299601397942752],
            [4807877.00314081646502, 2769644.744212007615715],
            [4807878.187998849898577, 2769643.784441008232534],
            [4807879.184804296121001, 2769633.727712790481746],
            [4807879.123616956174374, 2769623.677271832711995],
            [4807880.649365198798478, 2769613.617124281823635],
            [4807882.519962435588241, 2769604.455624526832253],
            [4807882.703949223272502, 2769603.554000382311642],
            [4807882.926292238757014, 2769598.778482217807323],
            [4807883.171706927940249, 2769593.500361379235983],
            [4807885.22640261054039, 2769583.43712686188519],
            [4807886.223323719576001, 2769573.380288626998663],
            [4807885.633199209347367, 2769563.333157160319388],
            [4807885.039767753332853, 2769552.756927637383342],
            [4807884.978478237986565, 2769542.706709190737456],
            [4807884.917406440712512, 2769532.656268374994397],
            [4807884.862553252838552, 2769523.689790803007782],
            [4807884.856116600334644, 2769522.605828888714314],
            [4807884.791740049608052, 2769512.026511270552874],
            [4807884.201616513542831, 2769501.979269378818572],
            [4807891.529778599739075, 2769489.239005083218217],
            [4807897.82904667686671, 2769481.26580937160179],
            [4807898.293839402496815, 2769470.683293525595218],
            [4807898.232448095455766, 2769460.63296621479094],
            [4807898.171384415589273, 2769450.582526471000165],
            [4807895.465270201675594, 2769440.548298691865057],
            [4807890.649876704439521, 2769431.584727199748158],
            [4807890.059649688191712, 2769421.537707519251853],
            [4807889.998585449531674, 2769411.487267620395869],
            [4807890.466248707845807, 2769401.433631274849176],
            [4807890.40507697314024, 2769391.383302719332278],
            [4807889.286013323813677, 2769381.339259108994156],
            [4807884.993056028150022, 2769371.314624475315213],
            [4807883.345045483671129, 2769361.273889156989753],
            [4807883.283872917294502, 2769351.2234499277547],
            [4807883.225361205637455, 2769341.61011136835441],
            [4807883.222701475955546, 2769341.173121326137334],
            [4807883.161530516110361, 2769331.122792778071016],
            [4807883.100359383039176, 2769321.07235371042043],
            [4807884.622942482121289, 2769310.48333304328844],
            [4807885.077662093564868, 2769300.120706330053508],
            [4807885.087414855137467, 2769299.900819697417319],
            [4807885.555303128436208, 2769289.847293255850673],
            [4807886.022972379811108, 2769279.793547053821385],
            [4807885.961695400997996, 2769269.743109045084566],
            [4807885.371690886095166, 2769259.696088454686105],
            [4807883.194622700102627, 2769249.658440494909883],
            [4807884.747656717896461, 2769249.659660838544369],
            [4807883.405872863717377, 2769244.684058106970042],
            [4807883.389890803955495, 2769242.039117880631238],
            [4807884.402711201459169, 2769234.627113411203027],
            [4807884.341545874252915, 2769224.57678551832214],
            [4807881.635528922080994, 2769214.542445434723049],
            [4807881.045415014959872, 2769204.495314951520413],
            [4807883.629102606326342, 2769194.428778372704983],
            [4807881.980873989872634, 2769184.388154574204236],
            [4807878.74601508397609, 2769174.357011040206999],
            [4807877.626952892169356, 2769164.31318854726851],
            [4807878.62357753328979, 2769154.256245533004403],
            [4807883.326484438031912, 2769144.705907273106277],
            [4807881.149414557032287, 2769134.66836940869689],
            [4807881.088252546265721, 2769124.617931357584894],
            [4807881.027091665193439, 2769114.567603933159262],
            [4807881.494771694764495, 2769104.513969453051686],
            [4807881.433720553293824, 2769094.46353094978258],
            [4807875.563475014641881, 2769086.035559041891247],
            [4807876.031373794190586, 2769075.981923175044358],
            [4807878.086017025634646, 2769065.918696638196707],
            [4807879.611820148304105, 2769055.858666927088052],
            [4807876.905796489678323, 2769045.824325834866613],
            [4807876.762391028925776, 2769043.382266522850841],
            [4807876.315577511675656, 2769035.777196375653148],
            [4807876.254528196528554, 2769025.726758021861315],
            [4807876.193260826170444, 2769015.676320997066796],
            [4807876.132213759236038, 2769005.626103898044676],
            [4807875.541995245032012, 2768995.578863967675716],
            [4807875.523516731336713, 2768992.52435653610155],
            [4807875.477751821279526, 2768984.999437817372382],
            [4807875.416377613320947, 2768974.949112197384238],
            [4807874.826378439553082, 2768964.901871066074818],
            [4807875.420669762417674, 2768958.905280319042504],
            [4807875.526551938615739, 2768957.837913578841835],
            [4807875.823129086755216, 2768954.845150464214385],
            [4807879.467949110083282, 2768945.301212126389146],
            [4807881.522717502899468, 2768935.237987383734435],
            [4807884.638588353060186, 2768925.697136469651014],
            [4807884.048375772312284, 2768915.650007621850818],
            [4807883.998614381067455, 2768907.457993976771832],
            [4807883.987335416488349, 2768905.599680874496698],
            [4807884.455139326862991, 2768895.546047639101744],
            [4807885.990547316148877, 2768887.072984573896974],
            [4807890.199809656478465, 2768883.344386408105493],
            [4807895.489347041584551, 2768883.312200950458646],
            [4807895.728556590154767, 2768886.799329410772771],
            [4807896.069860516116023, 2768891.772476835176349],
            [4807908.758683921769261, 2768890.637235132977366],
            [4807905.211508843116462, 2768829.296378338709474],
            [4807900.396057555451989, 2768820.332905649673194],
            [4807896.635318260639906, 2768810.833942450582981],
            [4807896.045222497545183, 2768800.786813676357269],
            [4807890.700919561088085, 2768791.826537026558071],
            [4807886.998947788961232, 2768787.888213502243161],
            [4807883.779223835095763, 2768784.46281413314864],
            [4807875.802919061854482, 2768777.634582957718521],
            [4807873.09677636064589, 2768767.600240701809525],
            [4807873.073755325749516, 2768763.804000934585929],
            [4807873.032544040121138, 2768757.020815786439925],
            [4807871.384421966969967, 2768746.980190538335592],
            [4807868.152734505943954, 2768737.478031331673265],
            [4807862.808415891602635, 2768728.517756743356586],
            [4807859.295825256966054, 2768725.295651374850422],
            [4807857.222856063395739, 2768709.898106144275516],
            [4807854.16144813131541, 2768698.418034973554313],
            [4807862.057348872534931, 2768692.022232545539737],
            [4807868.888947356492281, 2768684.574738733936101],
            [4807871.067419150844216, 2768681.364327377639711],
            [4807874.656137051992118, 2768676.075995812192559],
            [4807875.528156545013189, 2768673.405087593011558],
            [4807877.771933901123703, 2768666.53514987276867],
            [4807877.749351714737713, 2768662.832457085140049],
            [4807876.64946673065424, 2768655.962341067846864],
            [4807878.036108649335802, 2768647.571091459598392],
            [4807878.954653557389975, 2768642.011054468806833],
            [4807878.951350019313395, 2768641.482177801895887],
            [4807879.419279648922384, 2768631.428656350821257],
            [4807880.945015738718212, 2768621.368522554636002],
            [4807880.880684947595, 2768610.789210096932948],
            [4807882.406424134969711, 2768600.729187284130603],
            [4807884.461231967434287, 2768590.665857704356313],
            [4807886.515823666006327, 2768580.602640356868505],
            [4807886.983649671077728, 2768570.549009934999049],
            [4807886.3936682427302, 2768560.501880985219032],
            [4807887.91930471546948, 2768550.441859997808933],
            [4807889.445160517469049, 2768540.381727432366461],
            [4807888.489263040013611, 2768537.571426806971431],
            [4807886.213469627313316, 2768530.879786401055753],
            [4807882.452816288918257, 2768521.380819988902658],
            [4807883.449495549313724, 2768511.323994779959321],
            [4807885.504314510151744, 2768501.260777293238789],
            [4807885.972036142833531, 2768491.207148092798889],
            [4807885.381947151385248, 2768481.159909424372017],
            [4807883.201784312725067, 2768470.593601282685995],
            [4807880.495852407999337, 2768460.559144790749997],
            [4807878.847841694019735, 2768450.518407747615129],
            [4807877.196526790969074, 2768439.948683498427272],
            [4807876.036442634649575, 2768435.646877520252019],
            [4807874.490483408793807, 2768429.914338210597634],
            [4807872.839277072809637, 2768419.344723869115114],
            [4807872.778148628771305, 2768409.294400042388588],
            [4807872.713825633749366, 2768398.714977876283228],
            [4807871.056120812892914, 2768387.087388473562896],
            [4807871.052926438860595, 2768386.558400652371347],
            [4807870.991798430681229, 2768376.507966355420649],
            [4807870.930561628192663, 2768366.457532749511302],
            [4807870.340582748875022, 2768356.410514536313713],
            [4807869.750493462197483, 2768346.363275821320713],
            [4807865.460860912688076, 2768336.867614335380495],
            [4807864.867577108554542, 2768326.291498297825456],
            [4807864.806450198404491, 2768316.241064049769193],
            [4807864.745323768816888, 2768306.190629861783236],
            [4807863.097199712879956, 2768296.150003769434988],
            [4807863.032989429309964, 2768285.570691742002964],
            [4807862.971754711121321, 2768275.520258283242583],
            [4807862.910739006474614, 2768265.469823603518307],
            [4807861.791468558833003, 2768255.425892141647637],
            [4807861.73045348841697, 2768245.375457521062344],
            [4807860.082437195815146, 2768235.334720108192414],
            [4807858.963384935632348, 2768225.290787351317704],
            [4807858.373187275603414, 2768215.243549343198538],
            [4807857.783318859525025, 2768205.196530589368194],
            [4807854.551491215825081, 2768195.694367449730635],
            [4807851.319881298579276, 2768186.192313686944544],
            [4807851.015703167766333, 2768138.585167576093227],
            [4807854.635568188503385, 2768129.106742098927498],
            [4807854.574447930790484, 2768119.056308498606086],
            [4807853.455505901016295, 2768109.012485677842051],
            [4807851.27852064371109, 2768098.97494313493371],
            [4807849.630501292645931, 2768088.934205465018749],
            [4807849.010317447595298, 2768087.367610592860729],
            [4807845.869917060248554, 2768079.435235502664],
            [4807844.221896690316498, 2768069.394608380738646],
            [4807841.515831439755857, 2768059.36026165029034],
            [4807838.284210829995573, 2768049.85820725094527],
            [4807835.049175529740751, 2768039.8270558193326],
            [4807830.233951536007226, 2768030.863464001566172],
            [4807825.418506680056453, 2768021.899873790796846],
            [4807822.712543915957212, 2768011.865637318231165],
            [4807816.313385229557753, 2768003.440732261165977],
            [4807810.443301054649055, 2767995.012631815858185],
            [4807797.660290765576065, 2767967.33767500706017],
            [4807797.231003162451088, 2767966.408335527870804],
            [4807797.221034565940499, 2767966.4040811159648],
            [4807795.250558322295547, 2767962.13785257935524],
            [4807788.628656128421426, 2767958.2790317973122],
            [4807784.145270655862987, 2767955.666562190745026],
            [4807779.916259742341936, 2767953.202111233957112],
            [4807778.770964615978301, 2767952.731867260299623],
            [4807753.732189748436213, 2767942.450829684268683],
            [4807731.104681696742773, 2767934.786620316561311],
            [4807722.611428633332253, 2767933.504808928817511],
            [4807719.075535264797509, 2767932.971220210194588],
            [4807704.483984688296914, 2767930.769155032001436],
            [4807694.212449842132628, 2767931.888209217693657],
            [4807691.971602444536984, 2767932.132393829524517],
            [4807684.170351506210864, 2767932.982374642975628],
            [4807669.942532755434513, 2767936.298494198359549],
            [4807651.168222932145, 2767941.731750359293073],
            [4807625.072950563393533, 2767961.647519310005009],
            [4807596.929843246005476, 2767988.414986250456423],
            [4807595.823248880915344, 2767989.614035031292588],
            [4807575.79284561984241, 2768011.227098576724529],
            [4807549.507866114377975, 2768038.870608978904784],
            [4807501.8841488417238, 2768060.116657490842044],
            [4807480.283149772323668, 2768067.118951099924743],
            [4807442.819045338779688, 2768064.254812604747713],
            [4807400.516058444976807, 2768056.61049097776413],
            [4807344.132466337643564, 2768049.7388800913468],
            [4807320.73884070571512, 2768044.384326304774731],
            [4807320.573610397987068, 2768044.251713539473712],
            [4807304.167620170861483, 2768031.086732670199126],
            [4807301.712409377098083, 2768027.84057030826807],
            [4807283.73402087111026, 2768004.070686979219317],
            [4807280.080178418196738, 2768000.541266500484198],
            [4807268.183013780042529, 2767989.049191142898053],
            [4807264.010062989778817, 2767986.275516248308122],
            [4807252.65241486299783, 2767976.192930872552097],
            [4807237.404952698387206, 2767954.765842785593122],
            [4807233.064198499545455, 2767952.355075967963785],
            [4807208.043921660631895, 2767938.459280685056001],
            [4807187.309191460721195, 2767913.207326950971037],
            [4807175.479760092683136, 2767895.242712428793311],
            [4807163.694857538677752, 2767877.345513814128935],
            [4807154.211847449652851, 2767873.895657995715737],
            [4807153.670388989150524, 2767874.846263920888305],
            [4807149.793215354904532, 2767881.652617977466434],
            [4807144.822563691996038, 2767895.576241079717875],
            [4807140.991993987001479, 2767907.488735140301287],
            [4807138.272405929863453, 2767909.075308893807232],
            [4807117.862200364470482, 2767908.554062073118985],
            [4807109.668645421043038, 2767910.86025373172015],
            [4807106.381110562942922, 2767915.312261894345284],
            [4807105.84638886526227, 2767925.105362476781011],
            [4807107.586148318834603, 2767933.865836469456553],
            [4807109.444026487879455, 2767943.764358116313815],
            [4807108.221330290660262, 2767952.307634107302874],
            [4807105.061867364682257, 2767961.800064173992723],
            [4807103.642533727921546, 2767963.8180284765549],
            [4807103.050177248194814, 2767964.660013704095036],
            [4807102.030842574313283, 2767966.109584626741707],
            [4807098.334553856402636, 2767966.720715311355889],
            [4807080.856134714558721, 2767973.69781578425318],
            [4807067.460256042890251, 2767974.122902338393033],
            [4807059.20488085411489, 2767972.455273763742298],
            [4807049.875221822410822, 2767963.579783128108829],
            [4807038.877992445603013, 2767952.715458902530372],
            [4807037.087141474708915, 2767950.946180577855557],
            [4807032.25254781357944, 2767946.853109857998788],
            [4807030.259396506473422, 2767946.533376157283783],
            [4807028.977733467705548, 2767946.327795695047826],
            [4807021.936022773385048, 2767945.19811093294993],
            [4807015.067528208717704, 2767945.583226207178086],
            [4806998.627890319563448, 2767953.928449922241271],
            [4806979.885776476934552, 2767979.121342941187322],
            [4806961.154301557689905, 2768006.032030115369707],
            [4806938.685692576691508, 2768039.836433896794915],
            [4806921.582051369361579, 2768051.964516312815249],
            [4806907.871930116787553, 2768057.20124882273376],
            [4806885.663627540692687, 2768060.880305343773216],
            [4806884.190861117094755, 2768061.124247989617288],
            [4806863.601769727654755, 2768065.028368631377816],
            [4806841.632150725461543, 2768067.910442966967821],
            [4806827.19750976189971, 2768066.967559786047786],
            [4806814.596491381525993, 2768061.221004358958453],
            [4806813.072872796095908, 2768060.526102405507118],
            [4806801.357043370604515, 2768054.75700092734769],
            [4806785.520950708538294, 2768049.356514311395586],
            [4806770.074349775910378, 2768051.511814997997135],
            [4806752.58338478486985, 2768056.427770821377635],
            [4806746.914972387254238, 2768057.377490650396794],
            [4806731.30486763548106, 2768059.992561141029],
            [4806723.458776258863509, 2768060.423173071816564],
            [4806717.224046439863741, 2768060.765271563548595],
            [4806706.541051614098251, 2768055.33349043643102],
            [4806695.82885619904846, 2768045.092144053895026],
            [4806690.577744668349624, 2768028.977323512081057],
            [4806689.769408576190472, 2768009.056412363424897],
            [4806683.154418585821986, 2767994.667546144686639],
            [4806673.095666759647429, 2767985.006447683088481],
            [4806670.713974990881979, 2767982.718941154889762],
            [4806651.777660155668855, 2767975.963196650147438],
            [4806631.473652037791908, 2767970.246414134744555],
            [4806626.333306065760553, 2767968.899647394195199],
            [4806560.518255506642163, 2767951.657735002227128],
            [4806560.486517422832549, 2767951.649406717158854],
            [4806543.040791801176965, 2767947.07918737269938],
            [4806508.639061897061765, 2767939.386695054825395],
            [4806495.555438481271267, 2767934.656424168962985],
            [4806480.433618932962418, 2767933.717716373503208],
            [4806466.768164130859077, 2767936.123881959356368],
            [4806444.05626711435616, 2767940.122885718010366],
            [4806427.226921150460839, 2767945.599079155363142],
            [4806412.854915665462613, 2767950.275514867622405],
            [4806398.080782850272954, 2767950.021830841433257],
            [4806376.750206026248634, 2767944.998253655154258],
            [4806360.916196632198989, 2767939.941286880522966],
            [4806341.653136292472482, 2767935.935847722459584],
            [4806316.585253651253879, 2767937.805984488222748],
            [4806278.461046245880425, 2767939.411859594285488],
            [4806257.149482796899974, 2767937.480257324874401],
            [4806236.137182855047286, 2767928.332062616944313],
            [4806218.543706712312996, 2767916.414889975916594],
            [4806200.229714687913656, 2767899.005182472057641],
            [4806178.145240405574441, 2767882.992597202304751],
            [4806157.122666957788169, 2767872.126877898350358],
            [4806144.047355439513922, 2767868.770852502901107],
            [4806105.157268352806568, 2767855.037008289247751],
            [4806092.403993125073612, 2767850.533174528740346],
            [4806092.243497598916292, 2767850.426414629910141],
            [4806071.369066240265965, 2767836.537519296165556],
            [4806061.703880090266466, 2767830.106707002967596],
            [4806032.055233981460333, 2767813.109439383726567],
            [4806023.218256182037294, 2767803.639909936580807],
            [4806011.652868526056409, 2767791.246359045617282],
            [4805994.713089039549232, 2767773.828318012878299],
            [4805984.842055264860392, 2767769.876705305185169],
            [4805976.116066370159388, 2767766.38323010597378],
            [4805967.148635321296751, 2767760.597432382404804],
            [4805961.465340413153172, 2767752.828194072470069],
            [4805953.637766594067216, 2767742.127848800271749],
            [4805945.632252015173435, 2767724.998919861391187],
            [4805947.612029824405909, 2767711.588594378903508],
            [4805954.009645713493228, 2767690.249603664502501],
            [4805954.940043980255723, 2767673.753439590334892],
            [4805953.842625144869089, 2767667.278959119226784],
            [4805952.717137763276696, 2767660.639991331845522],
            [4805952.089303373359144, 2767656.93695936864242],
            [4805947.484217281453311, 2767642.432071669027209],
            [4805945.736530155874789, 2767636.927218513563275],
            [4805944.033490732312202, 2767631.563201703131199],
            [4805939.825052599422634, 2767626.392961647827178],
            [4805929.841977042146027, 2767614.128334771376103],
            [4805919.427227470092475, 2767596.327113551087677],
            [4805900.819754909723997, 2767587.164261790458113],
            [4805891.24276608787477, 2767583.723027949221432],
            [4805859.997408105060458, 2767572.496008356101811],
            [4805825.819010155275464, 2767556.765917751938105],
            [4805825.59055352024734, 2767556.660886039957404],
            [4805824.245278563350439, 2767552.747555875685066],
            [4805822.319977940060198, 2767547.146884047426283],
            [4805811.292379573918879, 2767515.068193510174751],
            [4805815.178266234695911, 2767502.482828657608479],
            [4805803.680561812594533, 2767481.332919937558472],
            [4805793.990281542763114, 2767463.508103018626571],
            [4805783.906582987867296, 2767435.588714957237244],
            [4805777.76090797316283, 2767418.572254339233041],
            [4805744.199408621527255, 2767341.563680054619908],
            [4805738.281580747105181, 2767327.985118734650314],
            [4805723.806973275728524, 2767293.012866898905486],
            [4805699.682938965968788, 2767234.726409855764359],
            [4805704.116849314421415, 2767230.263286963105202],
            [4805703.620807090774179, 2767229.088318107184023],
            [4805659.477588865906, 2767124.527684158179909],
            [4805584.270291435532272, 2766939.308863153215498],
            [4805523.923325158655643, 2766918.913607849739492],
            [4805472.964851439930499, 2766912.032069268636405],
            [4805414.319342844188213, 2766904.11238366458565],
            [4805411.197605799883604, 2766918.391576870344579],
            [4805382.914096685126424, 2767022.185406110715121],
            [4805356.042918669991195, 2767112.153711439110339],
            [4805337.073285415768623, 2767184.133444449864328],
            [4805328.462855452671647, 2767216.805250361561775],
            [4805304.869445322081447, 2767206.400664049666375],
            [4805248.811781169846654, 2767177.883000895846635],
            [4805180.761350815184414, 2767135.696075920946896],
            [4805109.901331778615713, 2767083.448738359380513],
            [4805056.45563449524343, 2767032.469770861789584],
            [4805007.279781226068735, 2767005.742520252242684],
            [4804926.398353990167379, 2766962.717376600485295],
            [4804810.082606997340918, 2766892.881213640794158],
            [4804742.473400145769119, 2766847.943161302246153],
            [4804701.997922206297517, 2766820.704881187994033],
            [4804701.594148682430387, 2766820.484784908592701],
            [4804658.796265546232462, 2766797.14762313850224],
            [4804638.122690312564373, 2766787.195774587802589],
            [4804611.560955909080803, 2766788.273112744092941],
            [4804589.624716803431511, 2766796.651649287436157],
            [4804564.495735459960997, 2766807.340002888813615],
            [4804546.67351938970387, 2766814.319247177802026],
            [4804535.222034323960543, 2766814.388868997804821],
            [4804502.211616409011185, 2766809.550551049411297],
            [4804452.669565749354661, 2766797.941688457038254],
            [4804403.849670922383666, 2766788.652231626678258],
            [4804402.375047150999308, 2766788.371697593480349],
            [4804399.013354036957026, 2766787.731909488327801],
            [4804386.146111962385476, 2766780.939193438272923],
            [4804374.636251735500991, 2766771.389521847013384],
            [4804351.513923918828368, 2766735.342405933886766],
            [4804327.003291360102594, 2766697.013308227993548],
            [4804311.648437339812517, 2766657.712539876345545],
            [4804304.119171952828765, 2766624.777233202010393],
            [4804296.134642580524087, 2766592.302760244347155],
            [4804291.448623689822853, 2766574.924471105914563],
            [4804263.837246773764491, 2766554.020977062173188],
            [4804250.263634798116982, 2766544.137126342859119],
            [4804240.977634848095477, 2766537.375394860748202],
            [4804227.028761995024979, 2766527.218322731554508],
            [4804219.547876735217869, 2766521.71766796708107],
            [4804205.403028494678438, 2766511.317162367515266],
            [4804201.151641240343451, 2766509.845687256194651],
            [4804195.564193457365036, 2766507.911732957698405],
            [4804189.795734719373286, 2766505.915159488096833],
            [4804173.283791672438383, 2766504.559131752233952],
            [4804162.327797935344279, 2766503.659453649073839],
            [4804158.631483821198344, 2766503.355954450089484],
            [4804144.448453952558339, 2766506.190598303452134],
            [4804131.664798173122108, 2766513.139261174947023],
            [4804121.154477026313543, 2766517.325742043554783],
            [4804109.245219958946109, 2766517.398212077096105],
            [4804096.366704202257097, 2766508.772892971988767],
            [4804088.554862787947059, 2766504.371847864706069],
            [4804071.481210244819522, 2766494.752448056824505],
            [4804070.626738149672747, 2766494.271079328842461],
            [4804069.967660328373313, 2766494.139863792806864],
            [4804061.99954944383353, 2766492.555788127239794],
            [4804052.740417252294719, 2766490.715094014070928],
            [4804045.110498395748436, 2766488.556318730115891],
            [4804035.303466081619263, 2766485.78215759806335],
            [4804032.135049637407064, 2766484.296751383692026],
            [4804025.656745037995279, 2766481.260100054554641],
            [4804021.527593180537224, 2766478.807957861106843],
            [4804017.616726422682405, 2766475.647469410207123],
            [4804014.798803500831127, 2766472.91706069605425],
            [4804010.07734635937959, 2766468.494800998363644],
            [4804004.90545454621315, 2766464.60887759225443],
            [4803999.344047984108329, 2766461.304709085728973],
            [4803993.457941853441298, 2766458.62116670049727],
            [4803991.864248036406934, 2766458.0940977986902],
            [4803987.316059904173017, 2766456.589688340201974],
            [4803984.282135982066393, 2766456.111868578474969],
            [4803980.46444920822978, 2766455.963479228783399],
            [4803977.970765004865825, 2766456.288691642694175],
            [4803973.216431541368365, 2766456.524604737292975],
            [4803971.845661624334753, 2766456.401268022600561],
            [4803968.939568595960736, 2766456.139869921375066]
          ]
        ]
      }
    },
    {
      "type": "Feature",
      "properties": {
        "objectid": 3,
        "nombre": "Suroccidente",
        "identificador": "03",
        "st_area(shape)": 19761244.095411438
      },
      "geometry": {
        "type": "Polygon",
        "coordinates": [
          [
            [
              [4797991.51038184016943, 2771800.236014386173338],
              [4797997.653183717280626, 2771803.188542525749654],
              [4797975.150745813734829, 2771911.467506922315806],
              [4797984.748545578680933, 2771915.815361080691218],
              [4798322.475714214146137, 2772068.807954062707722],
              [4799193.775118948891759, 2772281.733499635010958],
              [4799213.900569661520422, 2772274.529003244824708],
              [4799234.243319198489189, 2772267.962585068307817],
              [4799254.782756310887635, 2772262.040895746089518],
              [4799275.498810619115829, 2772256.769697884097695],
              [4799296.370752749964595, 2772252.154205146245658],
              [4799317.377850615419447, 2772248.199188832193613],
              [4799340.186161969788373, 2772244.674960221163929],
              [4799363.101392608135939, 2772241.929154182318598],
              [4799386.096572819165885, 2772239.965031767264009],
              [4799409.145490266382694, 2772238.784632901195437],
              [4799432.221056527458131, 2772238.389671033248305],
              [4799455.296939224936068, 2772238.780417351983488],
              [4799464.597956953570247, 2772238.889268855564296],
              [4799608.555285750888288, 2772250.788436690345407],
              [4799617.128655849024653, 2772251.497040255926549],
              [4799625.702244397252798, 2772252.205755249597132],
              [4799647.143427749164402, 2772254.604956838302314],
              [4799662.963567961938679, 2772255.318345146719366],
              [4799723.412469831295311, 2772259.62527578137815],
              [4799798.181531917303801, 2772265.797788551077247],
              [4799811.468481023795903, 2772267.690025076735765],
              [4799823.713695364072919, 2772270.636059661861509],
              [4799832.568932496011257, 2772273.493728473316878],
              [4799842.144655874930322, 2772277.249364937655628],
              [4799851.886941746808589, 2772282.142330014612526],
              [4799864.272541732527316, 2772290.411651515867561],
              [4799874.60393977817148, 2772299.047583261504769],
              [4799881.411018225364387, 2772305.846207108814269],
              [4799887.958015679381788, 2772313.230958629399538],
              [4799912.618471897207201, 2772348.020582889206707],
              [4800048.544975072145462, 2772521.661956286989152],
              [4800099.575250689871609, 2772586.429105226881802],
              [4800128.862704686820507, 2772622.864652480464429],
              [4800134.711868989281356, 2772631.150621122214943],
              [4800141.136902721598744, 2772638.998714716173708],
              [4800148.105327030643821, 2772646.368436822202057],
              [4800155.580969259142876, 2772653.222741552628577],
              [4800163.526359261013567, 2772659.526802605483681],
              [4800171.900873363949358, 2772665.248245703056455],
              [4800180.662489188835025, 2772670.358243709430099],
              [4800188.692520389333367, 2772674.450137351639569],
              [4800197.004998235963285, 2772677.933213622309268],
              [4800205.55347691103816, 2772680.787850591354072],
              [4800214.290770095773041, 2772682.998411783482879],
              [4800223.168403359130025, 2772684.553028329275548],
              [4800232.137153666466475, 2772685.442489877343178],
              [4800241.147060136310756, 2772685.662013827823102],
              [4800250.148402655497193, 2772685.21046528313309],
              [4800259.091046962887049, 2772684.090471653267741],
              [4800267.925752367824316, 2772682.307861725799739],
              [4800276.603196508251131, 2772679.872998646460474],
              [4800283.239346538670361, 2772677.353023821022362],
              [4800285.175932725891471, 2772676.498268551193178],
              [4800286.241080340929329, 2772676.078982438426465],
              [4800287.392131661996245, 2772675.520060564391315],
              [4800289.733317456208169, 2772674.486685594543815],
              [4800294.79160628747195, 2772671.926772214937955],
              [4800295.558428607881069, 2772671.55430862121284],
              [4800295.757667210884392, 2772671.43775863898918],
              [4800296.066798697225749, 2772671.281393779907376],
              [4800300.526446910575032, 2772668.649595463648438],
              [4800304.499573696404696, 2772666.325966119766235],
              [4800304.70999815966934, 2772666.180264882743359],
              [4800304.93176690954715, 2772666.049423313699663],
              [4800309.236059510149062, 2772663.042479534633458],
              [4800313.012039895169437, 2772660.424794773571193],
              [4800313.185670375823975, 2772660.283519577700645],
              [4800313.370082711800933, 2772660.154453482944518],
              [4800317.497937384992838, 2772656.773155888542533],
              [4800321.044798620045185, 2772653.886048868298531],
              [4800321.183847163803875, 2772653.753609541337937],
              [4800321.3331184880808, 2772653.631281649693847],
              [4800325.265501842834055, 2772649.871986081823707],
              [4800328.550445504486561, 2772646.748056902550161],
              [4800328.657454589381814, 2772646.629303604364395],
              [4800328.773687005974352, 2772646.518013833556324],
              [4800332.497844676487148, 2772642.367527805734426],
              [4800335.484333677217364, 2772639.053443293087184],
              [4800335.562276777811348, 2772638.952228317968547],
              [4800335.648228595964611, 2772638.856383177451789],
              [4800339.16306134685874, 2772634.277668024413288],
              [4800341.805332560092211, 2772630.848128527402878],
              [4800341.857835981063545, 2772630.767857862170786],
              [4800341.916480670683086, 2772630.691309656016529],
              [4800345.249780745245516, 2772625.583123567514122],
              [4800347.475822450593114, 2772622.180444533005357],
              [4800347.506511837244034, 2772622.12441359134391],
              [4800347.541802802123129, 2772622.070455730892718],
              [4800350.820637499913573, 2772616.090878017712384],
              [4800352.462246876209974, 2772613.102126566693187],
              [4800352.475508632138371, 2772613.072962655685842],
              [4800352.490852322429419, 2772613.044781316071749],
              [4800356.735211757943034, 2772603.666653922293335],
              [4800362.054646954871714, 2772588.296256547793746],
              [4800368.094115067273378, 2772573.194511139765382],
              [4800374.840050093829632, 2772558.394343785010278],
              [4800382.277580219320953, 2772543.929573206230998],
              [4800390.389745525084436, 2772529.832040330860764],
              [4800399.15860265865922, 2772516.133592084050179],
              [4800406.364251842722297, 2772507.663049099035561],
              [4800414.154866274446249, 2772499.727600459940732],
              [4800422.49135447666049, 2772492.367183412890881],
              [4800431.331113814376295, 2772485.619323693681508],
              [4800440.628791952505708, 2772479.518577970564365],
              [4800450.337703143246472, 2772474.095861743204296],
              [4800460.408299334347248, 2772469.378569202497602],
              [4800470.789374034851789, 2772465.390897648409009],
              [4800476.891634771600366, 2772463.862715169787407],
              [4800494.798766412772238, 2772460.433206642977893],
              [4800511.741921735927463, 2772458.933814366813749],
              [4800517.840792765840888, 2772458.393937650602311],
              [4800577.845353585667908, 2772461.49837980279699],
              [4800629.68076088372618, 2772465.04001827724278],
              [4800630.865428721532226, 2772465.120958534069359],
              [4800712.620098508894444, 2772470.859017494600266],
              [4800725.377000158652663, 2772471.75448861438781],
              [4800729.943372690118849, 2772472.044033338315785],
              [4800827.100594354793429, 2772478.205306555144489],
              [4800839.77128283213824, 2772479.732438172213733],
              [4800852.206089146435261, 2772481.964530877768993],
              [4800864.539299896918237, 2772484.902428495697677],
              [4800878.028716736473143, 2772488.850123227573931],
              [4800890.763920879922807, 2772493.936419957783073],
              [4800900.756466471590102, 2772497.927337048109621],
              [4800940.094924249686301, 2772520.963289498817176],
              [4800979.816744267009199, 2772545.841801887378097],
              [4800991.893802180886269, 2772554.024226019158959],
              [4800992.67745053768158, 2772554.533572960179299],
              [4801073.98717447090894, 2772607.380268108099699],
              [4801095.343478968366981, 2772621.260644055902958],
              [4801106.803469894453883, 2772629.675635115709156],
              [4801201.34609261713922, 2772690.315201077610254],
              [4801214.450354712083936, 2772698.235912722535431],
              [4801217.096276070922613, 2772699.835385256446898],
              [4801225.83841950353235, 2772706.312768781557679],
              [4801243.759252349846065, 2772718.826660300604999],
              [4801264.531058721244335, 2772730.430124802514911],
              [4801278.793338597752154, 2772737.719608921557665],
              [4801299.283701098524034, 2772740.431331182830036],
              [4801327.930893763899803, 2772740.600506549235433],
              [4801344.348104832693934, 2772738.2886120127514],
              [4801347.937521864660084, 2772737.783312099054456],
              [4801361.444171356968582, 2772734.120587421115488],
              [4801376.085746201686561, 2772730.716840568929911],
              [4801393.798766547814012, 2772725.981795279309154],
              [4801407.771197841502726, 2772722.246606269851327],
              [4801466.888762033544481, 2772706.176257683895528],
              [4801490.688599635846913, 2772699.005596673581749],
              [4801521.980805324390531, 2772689.061700575053692],
              [4801560.93469207547605, 2772678.215613525826484],
              [4801626.630642807111144, 2772660.018906701356173],
              [4801629.971752561628819, 2772659.175653535407037],
              [4801634.358638727106154, 2772658.159212764818221],
              [4801807.464056661352515, 2772607.242684928700328],
              [4801951.952128696255386, 2772564.743667843751609],
              [4802012.259646284393966, 2772547.901325006969273],
              [4802021.795604509301484, 2772548.486848291475326],
              [4802035.34524661488831, 2772550.884712710976601],
              [4802040.499884949065745, 2772554.246610045898706],
              [4802049.085547463037074, 2772557.341774593107402],
              [4802057.982697263360023, 2772557.590014995075762],
              [4802075.230058927088976, 2772554.139377453364432],
              [4802106.797590081579983, 2772545.678770333528519],
              [4802119.891029682010412, 2772542.271333991549909],
              [4802172.392354914918542, 2772526.236940843984485],
              [4802181.936507899314165, 2772523.088006994221359],
              [4802195.782651499845088, 2772518.519494211301208],
              [4802251.217120784334838, 2772501.268308958038688],
              [4802259.036240288056433, 2772499.001505949068815],
              [4802321.575005077756941, 2772481.408869616687298],
              [4802332.6791767263785, 2772477.784268313553184],
              [4802378.675183847546577, 2772464.764494602568448],
              [4802407.213699893094599, 2772456.686139400117099],
              [4802421.140853493474424, 2772452.844428403303027],
              [4802431.442442775703967, 2772449.769529283512384],
              [4802502.279623991809785, 2772428.625768559984863],
              [4802511.785168334841728, 2772426.806915576569736],
              [4802566.083543149754405, 2772410.587907850276679],
              [4802588.474155467003584, 2772404.16538759181276],
              [4802694.740859650075436, 2772372.019310894887894],
              [4802708.92632766533643, 2772370.31858528777957],
              [4802720.820394062437117, 2772368.892605957109481],
              [4802753.668727488256991, 2772361.690696916542947],
              [4802789.129217494279146, 2772353.697294686920941],
              [4802821.174949265085161, 2772346.806036229245365],
              [4802838.216460134834051, 2772342.842642990872264],
              [4802844.723928885534406, 2772341.316469958983362],
              [4802884.357928919605911, 2772332.021456950809807],
              [4802871.522700048983097, 2772300.565038568340242],
              [4802854.592845727689564, 2772265.551034374628216],
              [4802844.147048015147448, 2772246.768152257427573],
              [4802840.851669019088149, 2772240.842644451186061],
              [4802831.687950172461569, 2772226.212577825412154],
              [4802819.38734445720911, 2772206.015664558857679],
              [4802809.592284965328872, 2772183.486808012705296],
              [4802803.299826670438051, 2772165.838215705007315],
              [4802838.692006080411375, 2772148.668393415398896],
              [4802843.540873147547245, 2772147.424214700236917],
              [4802844.80373633466661, 2772147.100149233825505],
              [4802855.327648428268731, 2772144.256513184867799],
              [4802865.484991678036749, 2772141.431336753536016],
              [4802876.356137093156576, 2772138.277986480854452],
              [4802884.279981035739183, 2772135.856243525631726],
              [4802897.94821510463953, 2772132.520240139216185],
              [4802917.392126579768956, 2772128.385353609919548],
              [4802927.180134965106845, 2772125.936068535782397],
              [4802934.476106707938015, 2772123.995707112364471],
              [4802955.613336560316384, 2772118.40074241347611],
              [4802960.982795316725969, 2772116.511755981482565],
              [4803009.146062209270895, 2772102.96047885203734],
              [4803009.577353009954095, 2772102.839017001911998],
              [4803039.574477198533714, 2772094.399013199843466],
              [4803052.178295071236789, 2772089.748792101629078],
              [4803105.065131860785186, 2772069.259899369440973],
              [4803113.793664070777595, 2772065.299411322455853],
              [4803120.958933311514556, 2772062.075921269133687],
              [4803133.343432874418795, 2772057.143962374422699],
              [4803144.721703978255391, 2772052.514729283750057],
              [4803158.72744432091713, 2772047.238666194025427],
              [4803172.771107755601406, 2772041.507783589418977],
              [4803182.085547115653753, 2772037.425372560508549],
              [4803173.198341075330973, 2772018.466753543820232],
              [4803163.010657204315066, 2771996.657849819865078],
              [4803151.369508740492165, 2771972.34238024475053],
              [4803138.858527929522097, 2771946.589373767375946],
              [4803126.845900884829462, 2771921.916413756553084],
              [4803119.767019753344357, 2771908.004500248003751],
              [4803192.644863123074174, 2771878.214328743517399],
              [4803211.976847128011286, 2771870.689349872525781],
              [4803236.812742457725108, 2771860.910724603570998],
              [4803255.144535302184522, 2771853.327186571899801],
              [4803263.279698490165174, 2771850.14448325522244],
              [4803267.791384059004486, 2771857.703321446664631],
              [4803284.689791961573064, 2771891.810914939735085],
              [4803293.860139993950725, 2771908.778066688217223],
              [4803294.125381384976208, 2771909.39064531866461],
              [4803321.291296959854662, 2771972.074260695371777],
              [4803413.28955002874136, 2771929.102851408533752],
              [4803440.973050584085286, 2771916.172258514445275],
              [4803500.32590592186898, 2771890.938409148715436],
              [4803536.600048606283963, 2771874.443362070247531],
              [4803562.816633437760174, 2771868.22839241893962],
              [4803583.951145836152136, 2771865.378179220948368],
              [4803592.23668004758656, 2771861.99650191841647],
              [4803595.004812956787646, 2771860.093551153782755],
              [4803640.688848320394754, 2771842.242160373367369],
              [4803681.435923422686756, 2771828.650063229724765],
              [4803708.985497562214732, 2771819.519310873933136],
              [4803738.408830462954938, 2771810.336142292246222],
              [4803744.417001099325716, 2771817.060712379403412],
              [4803750.984935833141208, 2771823.239650784991682],
              [4803758.063624757342041, 2771828.826253799721599],
              [4803765.599607613869011, 2771833.778709871228784],
              [4803773.536282191053033, 2771838.059649431146681],
              [4803781.814018256962299, 2771841.636918283067644],
              [4803790.370485929772258, 2771844.483686190098524],
              [4803799.141529775224626, 2771846.578441675752401],
              [4803808.060844275169075, 2771847.905546809546649],
              [4803817.061829896643758, 2771848.455004995223135],
              [4803826.076281324960291, 2771848.222358186729252],
              [4803835.036907600238919, 2771847.209888238459826],
              [4803843.876228976994753, 2771845.424854182638228],
              [4803852.527349624782801, 2771842.880814585834742],
              [4803836.913216120563447, 2771819.630353729706258],
              [4803847.230831076391041, 2771819.030212790239602],
              [4803851.105657209642231, 2771818.804822533857077],
              [4803884.358716394752264, 2771815.656202203128487],
              [4803910.065374522469938, 2771807.819036411121488],
              [4803929.811985445208848, 2771801.567365617956966],
              [4803956.511776860803366, 2771792.985633162781596],
              [4803991.598319718614221, 2771782.319749955553561],
              [4804004.183350189588964, 2771778.900700643192977],
              [4804020.423738810233772, 2771773.723622242920101],
              [4804044.122443635948002, 2771767.06086434237659],
              [4804047.322215492837131, 2771766.664255012292415],
              [4804050.788440435193479, 2771779.339891370385885],
              [4804058.614893766120076, 2771808.066501751542091],
              [4804062.469660196453333, 2771824.059782076161355],
              [4804065.835603734478354, 2771859.618571909144521],
              [4804080.164280752651393, 2771855.956264357082546],
              [4804095.047401396557689, 2771852.082212410401553],
              [4804121.831141101196408, 2771845.195977208204567],
              [4804144.303575760684907, 2771839.580829898361117],
              [4804151.334676538594067, 2771837.896454567089677],
              [4804156.708127939142287, 2771836.553152687847614],
              [4804202.551366437226534, 2771824.112907172646374],
              [4804236.804554361850023, 2771814.672626754269004],
              [4804246.542096860706806, 2771812.185695801395923],
              [4804291.480149548500776, 2771799.983641145285219],
              [4804307.219692219980061, 2771794.788130750879645],
              [4804320.510388703085482, 2771843.430375956464559],
              [4804334.645790782757103, 2771895.911808664444834],
              [4804382.031962343491614, 2771883.931369546800852],
              [4804409.721887856721878, 2771876.968321357388049],
              [4804426.83924787119031, 2771871.838307166472077],
              [4804425.138718327507377, 2771864.445295226294547],
              [4804392.917031468823552, 2771738.872391491662711],
              [4804375.195380956865847, 2771675.415627970360219],
              [4804372.100160719826818, 2771665.40773219242692],
              [4804361.474709351547062, 2771640.336405999492854],
              [4804345.760716881603003, 2771602.794266178272665],
              [4804336.478216799907386, 2771580.151695524342358],
              [4804303.436054291203618, 2771491.744576497003436],
              [4804266.100580048747361, 2771388.111008009873331],
              [4804262.041274927556515, 2771376.212070310022682],
              [4804258.886168842203915, 2771367.292976927477866],
              [4804256.688982096500695, 2771360.540199089795351],
              [4804254.095096089877188, 2771352.601154871284962],
              [4804251.004373678006232, 2771344.384306428488344],
              [4804247.780944741331041, 2771335.442066633142531],
              [4804245.105756224133074, 2771327.978671143297106],
              [4804243.235130717046559, 2771323.331501380540431],
              [4804276.304551650770009, 2771294.993017949163914],
              [4804276.503162343986332, 2771294.822868138551712],
              [4804288.369241579435766, 2771284.654435055330396],
              [4804306.891666385345161, 2771268.781887491699308],
              [4804340.607074277475476, 2771256.83628341043368],
              [4804361.934276344254613, 2771248.82891473127529],
              [4804384.202682218514383, 2771240.821598977781832],
              [4804407.703854165971279, 2771231.243356863036752],
              [4804442.047750450670719, 2771219.747619022615254],
              [4804477.402615497820079, 2771207.910405850503594],
              [4804538.277787814848125, 2771183.313082586508244],
              [4804561.386539964936674, 2771174.191672910936177],
              [4804589.26425152644515, 2771164.377228987403214],
              [4804593.818223286420107, 2771162.186208050698042],
              [4804591.218719626776874, 2771152.719405548647046],
              [4804555.611804555170238, 2771034.386298813391477],
              [4804553.426699070259929, 2771027.157167867291719],
              [4804550.899046522565186, 2771018.971895613241941],
              [4804523.917851456440985, 2770929.900456740055233],
              [4804498.592652747407556, 2770848.17519542761147],
              [4804494.543410912156105, 2770834.100619323551655],
              [4804491.284447181969881, 2770820.16775191295892],
              [4804481.857887792401016, 2770774.370362422429025],
              [4804477.930455783382058, 2770759.191802270710468],
              [4804427.762457525357604, 2770596.954914384521544],
              [4804425.98939379490912, 2770591.221144177019596],
              [4804435.564190004952252, 2770586.236407289281487],
              [4804484.423303503543139, 2770572.84596735984087],
              [4804494.893084021285176, 2770569.401288150344044],
              [4804505.672427739948034, 2770565.958642556332052],
              [4804559.375349193811417, 2770550.420809873379767],
              [4804573.151463627815247, 2770546.507219874300063],
              [4804582.292778902687132, 2770544.45537324808538],
              [4804625.688318701460958, 2770531.313816037960351],
              [4804646.939026191830635, 2770525.23768816050142],
              [4804658.735337640158832, 2770520.729808786418289],
              [4804682.167742762714624, 2770512.86593437474221],
              [4804693.646448052488267, 2770508.36172476503998],
              [4804664.864207940176129, 2770491.729467475786805],
              [4804610.399079139344394, 2770464.259801305830479],
              [4804589.372851319611073, 2770449.240330702159554],
              [4804571.90270287822932, 2770442.593441181816161],
              [4804556.303326211869717, 2770433.011036952026188],
              [4804540.550705048255622, 2770421.601215713191777],
              [4804523.647439019754529, 2770407.019167796708643],
              [4804507.804051334969699, 2770389.994300639722496],
              [4804489.670454951003194, 2770363.434557419735938],
              [4804478.194926235824823, 2770345.045270476490259],
              [4804468.053767256438732, 2770329.912493044976145],
              [4804455.546784393489361, 2770315.481813513673842],
              [4804440.795952613465488, 2770303.321422105655074],
              [4804405.594788179732859, 2770275.893402622547001],
              [4804400.777709639631212, 2770271.932974619790912],
              [4804396.498447579331696, 2770268.690332408063114],
              [4804379.674309159629047, 2770254.925496567040682],
              [4804359.674362378194928, 2770242.215251835528761],
              [4804308.489166599698365, 2770215.649263667408377],
              [4804292.039553686976433, 2770206.75551105523482],
              [4804270.486578308045864, 2770196.000433483161032],
              [4804256.066611615940928, 2770189.756509573198855],
              [4804220.394633154384792, 2770174.368897055275738],
              [4804196.585581467486918, 2770162.643012115266174],
              [4804168.735391281545162, 2770148.937813762109727],
              [4804147.983440509997308, 2770137.626459878403693],
              [4804125.774331580847502, 2770128.488184563815594],
              [4804084.011989848688245, 2770106.993887058459222],
              [4804040.228828115388751, 2770086.202246624045074],
              [4804023.271756766363978, 2770077.165883944369853],
              [4804008.259349776431918, 2770070.190442647784948],
              [4803988.580260629765689, 2770061.258334276266396],
              [4803974.736148939467967, 2770054.67182322172448],
              [4803952.009392248466611, 2770044.097305808216333],
              [4803926.692508402280509, 2770033.792905899230391],
              [4803908.185771638527513, 2770033.763327631168067],
              [4803893.928803278133273, 2770033.352356987539679],
              [4803860.407896959222853, 2770031.762335889041424],
              [4803848.21035067923367, 2770030.939578777179122],
              [4803825.635216727852821, 2770029.000691691413522],
              [4803796.281324756331742, 2770026.805670004338026],
              [4803751.76464481651783, 2770022.85011148545891],
              [4803722.824603797867894, 2770020.997364722192287],
              [4803689.658265829086304, 2770018.938747962936759],
              [4803686.989799726754427, 2770018.731408841442317],
              [4803682.810206523165107, 2770018.257409695535898],
              [4803671.122228613123298, 2770016.897571018896997],
              [4803631.059456335380673, 2770011.493412924930453],
              [4803624.318745449185371, 2770010.289946909993887],
              [4803611.49560028873384, 2770007.19558968488127],
              [4803596.760159621015191, 2770003.406816384755075],
              [4803581.968654289841652, 2769998.921614550054073],
              [4803567.61807781457901, 2769994.241375509649515],
              [4803558.323330344632268, 2769990.42146012140438],
              [4803517.377717916853726, 2769968.387815142981708],
              [4803514.237355941906571, 2769966.650436582043767],
              [4803503.794450731016695, 2769959.7284125094302],
              [4803496.619696078822017, 2769955.595955067314208],
              [4803472.502996150404215, 2769940.503740376792848],
              [4803466.325415420345962, 2769936.609162465669215],
              [4803454.280929688364267, 2769928.45931873191148],
              [4803406.77110737003386, 2769897.598519062623382],
              [4803359.19027678668499, 2769866.847894272767007],
              [4803345.598986994475126, 2769857.373168129939586],
              [4803336.628348568454385, 2769864.628585745114833],
              [4803326.539129186421633, 2769871.773919327184558],
              [4803313.379815224558115, 2769882.358982020057738],
              [4803295.04605037625879, 2769889.353683271910995],
              [4803280.925745028071105, 2769891.369068372529],
              [4803243.429945110343397, 2769895.357117973268032],
              [4803210.441185331903398, 2769899.991028776392341],
              [4803196.342184411361814, 2769901.731309494003654],
              [4803182.464552422054112, 2769910.484201660845429],
              [4803139.787012849934399, 2769948.526931588537991],
              [4803134.808175989426672, 2769952.540845542680472],
              [4803129.494001171551645, 2769956.09918291028589],
              [4803123.886059185490012, 2769959.173607497941703],
              [4803118.028352389112115, 2769961.740412933751941],
              [4803114.502450979314744, 2769962.8859006408602],
              [4803106.984512748196721, 2769964.812206257600337],
              [4803099.329602355137467, 2769966.089559445623308],
              [4803091.593495898880064, 2769966.708005855325609],
              [4803083.832768075168133, 2769966.663225943222642],
              [4803075.733189154416323, 2769965.904906226322055],
              [4803067.733854823745787, 2769964.424115418922156],
              [4803059.899414727464318, 2769962.232962029054761],
              [4803052.292584903538227, 2769959.349095137789845],
              [4803044.974584196694195, 2769955.795591210480779],
              [4803027.348844658583403, 2769945.962860178202391],
              [4803025.233136126771569, 2769942.413489887025207],
              [4803025.110302835702896, 2769939.326470500323921],
              [4803026.114452756941319, 2769927.622752564027905],
              [4803026.797831167466938, 2769917.842079858295619],
              [4803026.974256789311767, 2769907.668672706000507],
              [4803013.614931335672736, 2769873.168962272815406],
              [4803003.929808835498989, 2769846.837330959737301],
              [4802996.311089592985809, 2769826.697699930053204],
              [4802986.298412905074656, 2769799.243974541779608],
              [4802979.453192022629082, 2769780.290560729801655],
              [4802976.027412682771683, 2769773.086258629802614],
              [4802972.575439446605742, 2769765.321578056551516],
              [4802968.342350840568542, 2769756.853745277505368],
              [4802964.931533791124821, 2769749.904353987425566],
              [4802954.698342478834093, 2769728.495871096849442],
              [4802942.497016467154026, 2769702.8418033933267],
              [4802903.442107627168298, 2769624.488914308138192],
              [4802893.668678272515535, 2769611.458406182006001],
              [4802844.960595395416021, 2769546.51935523096472],
              [4802837.341587079688907, 2769536.624306421261281],
              [4802797.866466621868312, 2769485.172636558301747],
              [4802755.245911433361471, 2769416.056809283327311],
              [4802715.01842509303242, 2769350.147455274127424],
              [4802746.068588907830417, 2769330.05875429417938],
              [4802739.237341759726405, 2769323.699804824776947],
              [4802731.284328419715166, 2769315.537364918738604],
              [4802725.663118124008179, 2769309.26593406079337],
              [4802717.312193733640015, 2769299.253756836988032],
              [4802681.710308432579041, 2769261.986969056539237],
              [4802605.268845339305699, 2769185.635514675173908],
              [4802595.152754020877182, 2769175.999191362410784],
              [4802585.822983463294804, 2769165.489871178753674],
              [4802572.89563711732626, 2769153.973609902895987],
              [4802557.361461273394525, 2769138.186855935957283],
              [4802538.090538317337632, 2769116.62883375165984],
              [4802522.149969692341983, 2769099.643394506536424],
              [4802495.784624611958861, 2769072.088434264063835],
              [4802483.434253298677504, 2769059.202614977490157],
              [4802477.746929253451526, 2769053.582932670135051],
              [4802444.026507028378546, 2769019.35851285699755],
              [4802429.856569317169487, 2769005.646634545177221],
              [4802410.264911990612745, 2768986.260302745271474],
              [4802369.539853245019913, 2768943.50813646055758],
              [4802334.284529366530478, 2768907.472062105312943],
              [4802298.935889705084264, 2768870.084163200575858],
              [4802275.169811034575105, 2768845.575052367523313],
              [4802257.727845489047468, 2768827.980010791681707],
              [4802240.623979700729251, 2768810.444317899644375],
              [4802215.047665185295045, 2768784.835869671311229],
              [4802197.013981983065605, 2768765.776988060213625],
              [4802193.488490085117519, 2768761.352567825466394],
              [4802184.349552473053336, 2768752.50974487978965],
              [4802176.077531896531582, 2768744.222585508134216],
              [4802153.54009379260242, 2768722.486061181407422],
              [4802136.41149230953306, 2768705.325756542850286],
              [4802125.00887686572969, 2768693.327500738669187],
              [4802111.136397519148886, 2768678.372541678138077],
              [4802088.123161426745355, 2768654.628424822818488],
              [4802077.210077097639441, 2768643.597480585798621],
              [4802027.407675914466381, 2768593.952201541978866],
              [4802014.279536077752709, 2768579.369657838251442],
              [4801999.595670408569276, 2768564.207843635231256],
              [4801977.949786468409002, 2768544.127198448870331],
              [4801957.871869861148298, 2768526.249762713909149],
              [4801939.252083295024931, 2768510.535279843024909],
              [4801918.527835803106427, 2768494.722435256466269],
              [4801905.168656971305609, 2768484.291879551485181],
              [4801891.283714185468853, 2768474.690866022370756],
              [4801857.699623760767281, 2768451.468575030565262],
              [4801826.693356030620635, 2768434.401700088754296],
              [4801789.928051834926009, 2768414.896451246924698],
              [4801709.561652868054807, 2768379.356668632011861],
              [4801691.484845349565148, 2768372.735254152677953],
              [4801678.705032112076879, 2768368.460573335178196],
              [4801623.392058219760656, 2768349.212224567774683],
              [4801606.799049649387598, 2768343.316621503792703],
              [4801573.362702842801809, 2768332.402973872609437],
              [4801567.017683477140963, 2768330.264608810190111],
              [4801556.411090077832341, 2768326.734476409852505],
              [4801539.76666341163218, 2768321.196613231208175],
              [4801522.207546329125762, 2768314.851712946780026],
              [4801509.242459604516625, 2768310.595457355026156],
              [4801495.92799668200314, 2768306.08188642654568],
              [4801462.879644806496799, 2768294.959212807938457],
              [4801416.370424711145461, 2768279.770880398340523],
              [4801402.136848224326968, 2768274.754538206849247],
              [4801374.256973211653531, 2768265.074513858184218],
              [4801367.027011161670089, 2768262.899607386440039],
              [4801355.26713839918375, 2768259.434209133964032],
              [4801326.032349983230233, 2768249.2684206799604],
              [4801316.606357807293534, 2768246.708118392154574],
              [4801281.913545522838831, 2768235.812816089484841],
              [4801256.168979202397168, 2768226.973694441374391],
              [4801183.890775575302541, 2768202.278782529290766],
              [4801139.253056979738176, 2768187.821842388249934],
              [4800993.898811934515834, 2768139.553094929084182],
              [4800984.321081295609474, 2768136.216181339230388],
              [4800900.922896780073643, 2768107.159507316537201],
              [4800882.428671590983868, 2768101.109841250814497],
              [4800854.043629828840494, 2768091.059160103090107],
              [4800853.1286859838292, 2768090.755612421315163],
              [4800852.257321212440729, 2768090.466508814133704],
              [4800760.02846699859947, 2768059.872242640703917],
              [4800682.487972560338676, 2768034.769010712858289],
              [4800676.163905590772629, 2768032.721569822635502],
              [4800670.983467262238264, 2768031.044408585876226],
              [4800585.057574624195695, 2768005.685016732662916],
              [4800541.013829352334142, 2767996.870320873800665],
              [4800474.44615110848099, 2767982.613493602722883],
              [4800417.989894443191588, 2767970.401042897254229],
              [4800372.91630095988512, 2767961.17047856701538],
              [4800366.888229642994702, 2767959.936180256307125],
              [4800363.025317765772343, 2767959.145140745211393],
              [4800314.776733186095953, 2767950.181256605777889],
              [4800203.577596084214747, 2767927.553373121656477],
              [4800141.370986709371209, 2767914.451311353594065],
              [4800129.147614970803261, 2767911.8768754103221],
              [4800076.653270091861486, 2767901.913854585494846],
              [4800045.966180494055152, 2767896.089854325633496],
              [4799980.129729507490993, 2767884.315083625726402],
              [4799947.115355039015412, 2767876.48107833461836],
              [4799912.402945540845394, 2767872.380398550070822],
              [4799872.357589880935848, 2767871.071615827269852],
              [4799840.74947833456099, 2767871.879835519939661],
              [4799739.136402453295887, 2767881.376004529185593],
              [4799728.063508205115795, 2767882.410775920376182],
              [4799721.789859061129391, 2767882.997167854104191],
              [4799687.235365897417068, 2767886.226405691821128],
              [4799686.802350426092744, 2767886.234677185304463],
              [4799686.805931454524398, 2767886.266503267921507],
              [4799686.995091867633164, 2767887.920888623222709],
              [4799688.969003559090197, 2767905.187563987448812],
              [4799695.169672642834485, 2767959.425019182730466],
              [4799704.26952854078263, 2768040.500105818267912],
              [4799708.587353638373315, 2768078.97082946728915],
              [4799713.317965524271131, 2768121.117691214662045],
              [4799716.380925878882408, 2768150.520843392238021],
              [4799716.433268553577363, 2768151.024119296111166],
              [4799717.099909192882478, 2768159.932377231307328],
              [4799717.814356204122305, 2768169.478517913259566],
              [4799721.217352068051696, 2768214.948721231892705],
              [4799722.957513561472297, 2768248.880317531526089],
              [4799722.261576539836824, 2768279.376207186840475],
              [4799719.07018068805337, 2768313.226647018454969],
              [4799714.292838787660003, 2768340.221970655489713],
              [4799711.400764441117644, 2768356.563787467777729],
              [4799702.737562023103237, 2768403.592812480870634],
              [4799699.69744860008359, 2768415.713148957118392],
              [4799697.393165996298194, 2768425.581526765599847],
              [4799693.643452804535627, 2768439.414020460098982],
              [4799684.53284571133554, 2768473.021024674642831],
              [4799681.789718323387206, 2768483.139890103600919],
              [4799679.697075081057847, 2768490.773432046175003],
              [4799677.098743330687284, 2768499.293385279364884],
              [4799670.673351750709116, 2768521.878422996494919],
              [4799667.324379301629961, 2768534.956302559003234],
              [4799664.014358066953719, 2768547.808135932311416],
              [4799660.194852660410106, 2768562.341053165961057],
              [4799657.031260254792869, 2768572.442907898686826],
              [4799654.512539712712169, 2768582.17370588099584],
              [4799638.448898170143366, 2768636.999541779048741],
              [4799620.351718663237989, 2768701.577356282621622],
              [4799591.558474257588387, 2768804.323503482621163],
              [4799585.002720304764807, 2768827.961240226402879],
              [4799570.582777622155845, 2768879.9546352410689],
              [4799557.163408447057009, 2768928.340268947649747],
              [4799543.795509371906519, 2768953.5803700578399],
              [4799543.797856544144452, 2768953.588981242384762],
              [4799543.064603308215737, 2768956.205414317082614],
              [4799542.15755061339587, 2768959.441174758598208],
              [4799540.886651520617306, 2768963.975071883760393],
              [4799524.056085453368723, 2769022.53843722678721],
              [4799508.758143910206854, 2769075.770242528989911],
              [4799502.919698134995997, 2769097.273048472590744],
              [4799482.259929369203746, 2769173.363855172879994],
              [4799478.897968443110585, 2769185.463313177693635],
              [4799451.613716606982052, 2769283.658702231943607],
              [4799439.615568373352289, 2769327.026493939571083],
              [4799419.997550182044506, 2769397.936318387743086],
              [4799399.888747044838965, 2769468.552137004677206],
              [4799391.28233378008008, 2769498.774639402516186],
              [4799356.279072714969516, 2769628.234766727313399],
              [4799356.264852421358228, 2769628.232310016639531],
              [4799122.048652288503945, 2769588.742659371346235],
              [4799112.084050887264311, 2769587.062569848261774],
              [4799110.29014475364238, 2769586.760126981884241],
              [4798677.330296787433326, 2769513.761259375140071],
              [4798677.24333509709686, 2769513.74653078103438],
              [4798677.216688191518188, 2769513.927718940190971],
              [4798619.53231102693826, 2769906.316920598968863],
              [4798619.404436225071549, 2769907.18722167192027],
              [4798606.655977578833699, 2769993.906913825776428],
              [4798640.564665472134948, 2769999.346420094370842],
              [4798640.564904983155429, 2769999.349846713710576],
              [4798641.219614554196596, 2770009.001772942021489],
              [4798641.518538367934525, 2770013.404817454516888],
              [4798641.905646838247776, 2770019.111655065324157],
              [4798659.948258978314698, 2770285.052503203041852],
              [4798666.758714995346963, 2770398.204685694072396],
              [4798667.758854476734996, 2770414.821814148221165],
              [4798669.352226073853672, 2770450.877889862284064],
              [4798671.591008489951491, 2770471.39811229519546],
              [4798668.29548897780478, 2770506.512421114370227],
              [4798667.762905810028315, 2770512.187180613633245],
              [4798666.691926105879247, 2770558.959745993837714],
              [4798671.103607473894954, 2770581.010079733096063],
              [4798678.134737043641508, 2770616.152066206093878],
              [4798672.626986492425203, 2770621.425347573123872],
              [4798662.410262099467218, 2770631.207313946913928],
              [4798670.670889080502093, 2770660.923950550146401],
              [4798670.696812612004578, 2770661.017566680908203],
              [4798671.118070325814188, 2770662.753029247745872],
              [4798674.850166959688067, 2770680.406960802152753],
              [4798681.693873590789735, 2770712.779422346036881],
              [4798681.729899832047522, 2770712.95259679062292],
              [4798682.061462102457881, 2770714.88677427964285],
              [4798682.265617113560438, 2770716.83876173896715],
              [4798682.340589162893593, 2770719.303763237781823],
              [4798682.021587789990008, 2770749.080451800022274],
              [4798681.970527051948011, 2770750.538477008230984],
              [4798681.790070059709251, 2770752.492487736046314],
              [4798681.682285108603537, 2770753.270107846707106],
              [4798679.511830170638859, 2770767.536624452099204],
              [4798678.643874236382544, 2770773.240752806421369],
              [4798678.44380886759609, 2770774.40144659159705],
              [4798678.400399809703231, 2770774.592911385931075],
              [4798678.009931445121765, 2770776.315208606887609],
              [4798677.715318922884762, 2770777.363907271064818],
              [4798677.355186564847827, 2770778.562073797453195],
              [4798674.258979376405478, 2770788.861103178933263],
              [4798673.99549750238657, 2770789.693862750194967],
              [4798673.315212124958634, 2770791.534821648616344],
              [4798672.516073957085609, 2770793.327298688236624],
              [4798672.443661723285913, 2770793.475371185690165],
              [4798662.803824802860618, 2770813.052736601792276],
              [4798661.961587635800242, 2770814.641009003855288],
              [4798660.935534087941051, 2770816.31400833837688],
              [4798659.80196307040751, 2770817.916008000727743],
              [4798659.224846543744206, 2770818.653706730343401],
              [4798641.344894187524915, 2770840.780846433714032],
              [4798640.686348414979875, 2770841.567922326736152],
              [4798640.226555133238435, 2770842.08638977445662],
              [4798612.141592223197222, 2770873.033062322065234],
              [4798611.268397758714855, 2770873.955038951709867],
              [4798610.953880504705012, 2770874.26892201974988],
              [4798589.883839601650834, 2770894.974628419615328],
              [4798609.480591662228107, 2770912.024559052661061],
              [4798571.288383666425943, 2770960.684896961785853],
              [4798552.516127376817167, 2771228.495001343078911],
              [4798533.234637143090367, 2771242.355205745901912],
              [4798315.804035631008446, 2771398.6522261146456],
              [4798313.849795301444829, 2771400.056913077831268],
              [4798294.68630965333432, 2771413.832414358854294],
              [4798237.224877784959972, 2771455.13770251441747],
              [4798231.821255371905863, 2771459.022076425608248],
              [4798184.182936006225646, 2771491.564545173663646],
              [4798170.389469211921096, 2771500.987305233255029],
              [4798105.757527625188231, 2771545.138458752539009],
              [4798078.539652623236179, 2771563.731216372922063],
              [4797910.493969611823559, 2771483.651094736065716],
              [4797893.817260507494211, 2771475.704030721914023],
              [4797884.788643768057227, 2771478.059603215195239],
              [4797874.755068038590252, 2771480.977598216384649],
              [4797864.935845157131553, 2771484.317151476629078],
              [4797856.457990761846304, 2771488.458042026497424],
              [4797851.442470421083272, 2771492.440509817097336],
              [4797846.710115314461291, 2771497.124551314860582],
              [4797844.08700752351433, 2771500.737879751715809],
              [4797842.951568235643208, 2771505.400124268140644],
              [4797843.292190089821815, 2771509.20698727760464],
              [4797845.008204134181142, 2771513.005388205405325],
              [4797848.125464024022222, 2771516.912829590030015],
              [4797852.772733103483915, 2771519.729456224944443],
              [4797860.305767675861716, 2771523.174915054813027],
              [4797865.506852363236248, 2771525.894139588344842],
              [4797869.546892150305212, 2771529.149320403113961],
              [4797871.577273489907384, 2771532.416864456608891],
              [4797872.764127039350569, 2771536.218521399889141],
              [4797872.784084359183908, 2771539.498211960308254],
              [4797873.233181342482567, 2771543.727612683549523],
              [4797874.535673212260008, 2771549.115771583747119],
              [4797875.630536871030927, 2771555.139739216305315],
              [4797875.903352932073176, 2771565.189380001276731],
              [4797875.724146540276706, 2771570.480714430566877],
              [4797876.385314270853996, 2771574.814307727385312],
              [4797877.005124842748046, 2771577.131986431311816],
              [4797877.684551544487476, 2771579.673562907148153],
              [4797885.05429426021874, 2771608.40684861689806],
              [4797887.557951275259256, 2771619.924039416480809],
              [4797888.335299068130553, 2771625.950181384570897],
              [4797888.575466722249985, 2771630.603961980435997],
              [4797887.757324541918933, 2771635.264142495114356],
              [4797887.342736030928791, 2771636.750620756298304],
              [4797885.479619110934436, 2771643.424883981235325],
              [4797883.830649735406041, 2771650.629628891590983],
              [4797883.441539028659463, 2771656.239631086587906],
              [4797883.258428266271949, 2771660.896015853621066],
              [4797884.026663978584111, 2771665.440829487983137],
              [4797886.402753851376474, 2771673.361615027766675],
              [4797890.185299053788185, 2771689.6991494204849],
              [4797892.053224957548082, 2771697.767373422160745],
              [4797893.045465954579413, 2771704.321116982027888],
              [4797893.608137990348041, 2771709.819545323960483],
              [4797893.565100414678454, 2771712.912072816863656],
              [4797893.534369634464383, 2771715.110009951051325],
              [4797892.507524203509092, 2771720.194901254028082],
              [4797890.73326687514782, 2771724.22610114980489],
              [4797889.060548872686923, 2771727.516426653601229],
              [4797887.918174461461604, 2771731.014705083798617],
              [4797886.786649387329817, 2771736.31189881125465],
              [4797885.438386138528585, 2771740.763794329948723],
              [4797882.090128128416836, 2771746.920705685392022],
              [4797881.83649761416018, 2771747.520415517967194],
              [4797887.772746453993022, 2771750.373786895535886],
              [4797896.864623893983662, 2771754.74375808890909],
              [4797944.187540027312934, 2771777.489857400767505],
              [4797991.51038184016943, 2771800.236014386173338]
            ]
          ],
          [
            [
              [4796166.442168142646551, 2769746.468882103450596],
              [4796373.290256128646433, 2769561.515614557545632],
              [4796535.248049335554242, 2769743.703985288739204],
              [4796683.612668193876743, 2769610.113494369201362],
              [4796611.561007156036794, 2769526.829733307473361],
              [4796472.770034930668771, 2769524.376460203900933],
              [4796353.231755283661187, 2769517.239364532288164],
              [4796220.344648121856153, 2769371.914635491557419],
              [4796166.220319530926645, 2769316.226100736763328],
              [4796153.793093278072774, 2769308.589312215801328],
              [4796091.291628989391029, 2769314.202427078038454],
              [4796082.057269264943898, 2769315.031954028643668],
              [4796081.067354353144765, 2769315.120803694240749],
              [4796080.547387663275003, 2769315.167595165316015],
              [4796078.941922349855304, 2769323.969598039984703],
              [4796078.836556899361312, 2769324.547725437674671],
              [4796077.350947453640401, 2769332.693880780600011],
              [4796026.304390928708017, 2769612.581091439351439],
              [4796166.442168142646551, 2769746.468882103450596]
            ]
          ]
        ]
      }
    },
    {
      "type": "Feature",
      "properties": {
        "objectid": 4,
        "nombre": "Riomar",
        "identificador": "01",
        "st_area(shape)": 11211123.979965284
      },
      "geometry": {
        "type": "Polygon",
        "coordinates": [
          [
            [4799127.219450183212757, 2775698.372411248274148],
            [4799129.542666872031987, 2775704.228049064986408],
            [4799140.928830832242966, 2775731.664772845804691],
            [4799142.869197817519307, 2775736.340399287641048],
            [4799146.498318453319371, 2775745.085206971503794],
            [4799147.283980934880674, 2775746.978666009847075],
            [4799168.758526341058314, 2775799.870126988738775],
            [4799190.523809343576431, 2775852.791988525539637],
            [4799202.373008962720633, 2775880.140507981646806],
            [4799205.458836987614632, 2775887.680413388181478],
            [4799208.277807527221739, 2775894.568406486883759],
            [4799208.474567892029881, 2775895.049233631230891],
            [4799213.452459748834372, 2775907.212093631271273],
            [4799213.584669151343405, 2775907.535292729735374],
            [4799224.236459348350763, 2775935.152910363394767],
            [4799234.422079756855965, 2775963.254316121805459],
            [4799281.21926645282656, 2776079.521551366895437],
            [4799303.899403059855103, 2776137.052477834746242],
            [4799327.16674125008285, 2776194.359636271372437],
            [4799347.577845457009971, 2776245.385913991834968],
            [4799348.074681206606328, 2776246.628038750495762],
            [4799350.822484166361392, 2776253.320628219749779],
            [4799365.096390531398356, 2776288.087616079952568],
            [4799367.005410649813712, 2776292.737562078982592],
            [4799369.483597315847874, 2776298.773722228128463],
            [4799391.323409726843238, 2776350.628366434480995],
            [4799394.711919842287898, 2776358.920711852610111],
            [4799409.224349431693554, 2776394.436110325623304],
            [4799416.226828606799245, 2776410.964902630075812],
            [4799420.626145039685071, 2776421.349707067944109],
            [4799427.732928358949721, 2776438.12490440485999],
            [4799446.798472934402525, 2776481.573307462502271],
            [4799466.254193684086204, 2776524.412772275973111],
            [4799485.051662736572325, 2776573.832234365399927],
            [4799504.677970887161791, 2776623.361516058910638],
            [4799524.775512681342661, 2776672.103986935224384],
            [4799524.972907993011177, 2776672.582709673326463],
            [4799556.155568626709282, 2776746.695884967688471],
            [4799606.167439342476428, 2776865.560739038512111],
            [4799620.795684409327805, 2776901.442482867278159],
            [4799634.878321449272335, 2776937.520207368768752],
            [4799648.496996525675058, 2776974.013915361836553],
            [4799680.272963113151491, 2777052.481806840747595],
            [4799692.882400518283248, 2777083.135376660618931],
            [4799712.38743528816849, 2777130.551745492499322],
            [4799732.780653515830636, 2777182.811650381889194],
            [4799736.535938387736678, 2777192.43506431998685],
            [4799761.331344172358513, 2777254.196986946742982],
            [4799782.521811387501657, 2777306.133980561047792],
            [4799783.314044096507132, 2777308.075618304312229],
            [4799805.963338365778327, 2777361.710427768528461],
            [4799818.225395257584751, 2777389.847602538764477],
            [4799831.015308528207242, 2777417.788468506187201],
            [4799844.313699690625072, 2777445.490680719725788],
            [4799858.116361514665186, 2777472.945308117195964],
            [4799872.418973547406495, 2777500.142756866291165],
            [4799887.109848553314805, 2777526.880569516215473],
            [4799906.450757913291454, 2777564.155607828404754],
            [4799925.458450737409294, 2777601.683604043908417],
            [4799944.325635704211891, 2777639.857276123017073],
            [4799959.229275591671467, 2777664.32053964631632],
            [4799974.400186469778419, 2777688.189776235260069],
            [4799975.700849598273635, 2777690.153185558039695],
            [4799976.086570962332189, 2777690.667470383457839],
            [4800011.511026659980416, 2777742.690701247658581],
            [4800028.530718887224793, 2777767.684993281494826],
            [4800112.614779198542237, 2777891.167866552714258],
            [4800132.248745058663189, 2777915.465227505192161],
            [4800135.714508291333914, 2777919.628611934836954],
            [4800159.446245595812798, 2777948.137034342624247],
            [4800164.910070274956524, 2777954.480625305790454],
            [4800168.398730828426778, 2777958.530966429039836],
            [4800174.402993504889309, 2777965.502130936831236],
            [4800183.777964828535914, 2777976.386794020421803],
            [4800208.583766396157444, 2778004.119565446861088],
            [4800227.070818761363626, 2778024.512757122982293],
            [4800245.984151678159833, 2778044.429390288889408],
            [4800267.879247320815921, 2778067.544448077213019],
            [4800290.333955475129187, 2778090.318485006690025],
            [4800320.644322560168803, 2778119.980410459917039],
            [4800358.581670765765011, 2778157.3361293124035],
            [4800368.39217525254935, 2778166.87778792437166],
            [4800378.170550651848316, 2778175.739005801267922],
            [4800389.232572401873767, 2778187.022557920776308],
            [4800400.940098756924272, 2778198.341536759398878],
            [4800412.779945940710604, 2778209.666455756872892],
            [4800424.415678171440959, 2778221.234912122599781],
            [4800434.292479320429265, 2778230.88797895796597],
            [4800443.899027182720602, 2778240.955394601915032],
            [4800444.747351410798728, 2778241.805352071300149],
            [4800449.972156562842429, 2778247.03940601227805],
            [4800455.248661908321083, 2778252.600360080599785],
            [4800460.413625724613667, 2778259.28762105666101],
            [4800465.225219780579209, 2778266.516575493384153],
            [4800469.517025117762387, 2778274.065525307320058],
            [4800473.189614578150213, 2778281.73492222186178],
            [4800476.310745638795197, 2778290.226775912102312],
            [4800479.055083531886339, 2778299.163263067603111],
            [4800481.248462177813053, 2778307.984238233417273],
            [4800482.370884918607771, 2778315.168489523231983],
            [4800483.965102388523519, 2778325.37220520619303],
            [4800486.497345375828445, 2778342.295854141935706],
            [4800487.115515678189695, 2778346.727012645918876],
            [4800488.481834791600704, 2778356.516327751800418],
            [4800489.25050800293684, 2778362.444746435619891],
            [4800491.451622953638434, 2778379.419848120771348],
            [4800493.022842490114272, 2778397.05577063607052],
            [4800494.034628936089575, 2778408.412332959938794],
            [4800494.495898273773491, 2778413.590000665746629],
            [4800494.427773893810809, 2778417.084952127188444],
            [4800494.157029383815825, 2778420.530051686801016],
            [4800493.712781854905188, 2778422.897473114077002],
            [4800492.141952306963503, 2778427.219142813235521],
            [4800489.995281934738159, 2778431.285786403343081],
            [4800487.313379559665918, 2778435.021074842661619],
            [4800484.146176941692829, 2778438.354814805090427],
            [4800480.553376550786197, 2778441.22471526125446],
            [4800476.602049651555717, 2778443.576623301021755],
            [4800472.647984757088125, 2778445.247688627801836],
            [4800472.36643070820719, 2778445.366626450791955],
            [4800469.273778114467859, 2778445.703111458569765],
            [4800466.176521006040275, 2778445.285780018661171],
            [4800462.052952487953007, 2778443.887211034540087],
            [4800457.753797640092671, 2778442.053796567954123],
            [4800449.224706856533885, 2778438.416403677780181],
            [4800448.846181787550449, 2778438.255053026136011],
            [4800440.363453711383045, 2778434.58951196167618],
            [4800430.405453730374575, 2778430.286848593503237],
            [4800427.841773244552314, 2778429.179097277112305],
            [4800408.83335243165493, 2778420.700381255708635],
            [4800378.881550633348525, 2778405.006314800586551],
            [4800339.391408812254667, 2778384.314815924502909],
            [4800332.495709191076458, 2778380.701414898969233],
            [4800332.187644529156387, 2778380.540187659207731],
            [4800322.169348357245326, 2778399.29926466755569],
            [4800316.847713524475694, 2778410.107680408284068],
            [4800314.396929981186986, 2778415.085412683431059],
            [4800306.853074885904789, 2778427.372421022504568],
            [4800298.597249759361148, 2778441.295660635922104],
            [4800295.108207823708653, 2778447.179779139813036],
            [4800291.080106059089303, 2778455.412331435829401],
            [4800285.116068865172565, 2778467.600891230627894],
            [4800282.575025097467005, 2778472.929949322715402],
            [4800277.470182672142982, 2778483.635867060627788],
            [4800273.528275603428483, 2778492.653368617873639],
            [4800270.935266889631748, 2778497.540634464472532],
            [4800266.473308386281133, 2778503.188751008361578],
            [4800260.140765930525959, 2778509.348142946138978],
            [4800252.439037756994367, 2778516.265331750735641],
            [4800245.110249883495271, 2778522.930213589221239],
            [4800238.334783263504505, 2778528.882211730349809],
            [4800236.662105861119926, 2778530.351697504520416],
            [4800233.062163312919438, 2778533.996088612824678],
            [4800227.97254136018455, 2778539.148436206858605],
            [4800223.638620154000819, 2778545.295503452885896],
            [4800219.677747183479369, 2778551.19037176668644],
            [4800212.87383668590337, 2778561.973932501394302],
            [4800209.291379707865417, 2778567.225768882315606],
            [4800207.055592926219106, 2778570.503419617190957],
            [4800200.989709164015949, 2778579.409079186618328],
            [4800196.403492923825979, 2778585.991513334680349],
            [4800193.560757568106055, 2778590.071731722913682],
            [4800190.34075020160526, 2778594.588187114801258],
            [4800188.484141423366964, 2778597.347538743168116],
            [4800182.644405649974942, 2778602.379636830184609],
            [4800176.426931397989392, 2778606.914432126563042],
            [4800172.201621433719993, 2778610.437699574045837],
            [4800169.092065052129328, 2778612.579923047684133],
            [4800162.756506472826004, 2778618.239854730665684],
            [4800155.676166913472116, 2778624.653546776622534],
            [4800152.019949435256422, 2778627.470910563133657],
            [4800149.957585895434022, 2778629.06022622436285],
            [4800147.096986877731979, 2778631.076412240043283],
            [4800142.862512359395623, 2778633.101005482953042],
            [4800137.876267549581826, 2778634.755211772397161],
            [4800130.637446999549866, 2778635.674001797568053],
            [4800122.281523561105132, 2778637.003037765156478],
            [4800121.652905565686524, 2778637.102981669362634],
            [4800114.039184122346342, 2778638.024180444888771],
            [4800098.19116188492626, 2778640.494513988029212],
            [4800089.955335141159594, 2778641.794293090701103],
            [4800080.972978645004332, 2778643.59781703306362],
            [4800075.774352480657399, 2778644.534984368830919],
            [4800072.501853454858065, 2778647.272159098181874],
            [4800069.904083210974932, 2778651.410165010951459],
            [4800068.804607892408967, 2778655.413708451204002],
            [4800069.452710790559649, 2778659.282037262804806],
            [4800071.350047789514065, 2778663.142497703433037],
            [4800073.654180021956563, 2778672.246540728956461],
            [4800074.685593816451728, 2778677.486410269979388],
            [4800078.770201005972922, 2778680.301407522987574],
            [4800078.915119115263224, 2778680.401151245459914],
            [4800088.96579999756068, 2778680.33951846929267],
            [4800100.081134002655745, 2778681.329212253913283],
            [4800110.670562374405563, 2778682.851490700151771],
            [4800120.731170817278326, 2778684.376677080057561],
            [4800130.78184772003442, 2778684.314946400932968],
            [4800140.829506016336381, 2778683.724317442625761],
            [4800151.399397714994848, 2778682.072545791510493],
            [4800161.450074471533298, 2778682.010935239493847],
            [4800171.513805704191327, 2778684.065148123539984],
            [4800178.961928213015199, 2778690.896529259625822],
            [4800184.839235791005194, 2778700.382563091814518],
            [4800188.701847828924656, 2778707.571613430976868],
            [4800189.655347207561135, 2778709.346502004191279],
            [4800197.632164751179516, 2778716.174319515004754],
            [4800205.086638754233718, 2778724.06383684836328],
            [4800210.9573525916785, 2778732.491963720414788],
            [4800213.135191482491791, 2778742.529662504792213],
            [4800212.795326671563089, 2778746.151905392296612],
            [4800212.141957120969892, 2778753.11601203866303],
            [4800212.203553590923548, 2778763.166767783463001],
            [4800215.965037003159523, 2778772.66585857141763],
            [4800212.320384518243372, 2778782.210257835686207],
            [4800202.821539134718478, 2778785.971693797037005],
            [4800194.928666206076741, 2778792.897157080937177],
            [4800189.165092661045492, 2778801.925605235621333],
            [4800183.401304770261049, 2778810.954166884999722],
            [4800179.760013645514846, 2778821.027582116425037],
            [4800179.292809772305191, 2778831.081575630232692],
            [4800174.590441558510065, 2778840.632675795815885],
            [4800166.694352071732283, 2778847.029249200597405],
            [4800158.266432415693998, 2778852.899938734248281],
            [4800152.502554346807301, 2778861.928509608842432],
            [4800146.209865119308233, 2778870.960097382776439],
            [4800138.846166430041194, 2778877.882341318763793],
            [4800140.494887009263039, 2778887.923497952986509],
            [4800147.326314089819789, 2778880.475481199566275],
            [4800153.722816620022058, 2778888.371237374376506],
            [4800153.874124305322766, 2778889.729379984550178],
            [4800155.319405199028552, 2778889.948557451367378],
            [4800160.664535093121231, 2778898.908809831365943],
            [4800160.726264859549701, 2778908.959678780287504],
            [4800159.729932610876858, 2778919.016912629827857],
            [4800159.262523031793535, 2778929.070909575559199],
            [4800158.26619291678071, 2778939.128143755719066],
            [4800159.918144558556378, 2778949.698200340848416],
            [4800157.863864692859352, 2778959.761909736320376],
            [4800155.28379499912262, 2778970.357978699263185],
            [4800147.920230031013489, 2778977.280223640613258],
            [4800145.655410455539823, 2778986.105805913452059],
            [4800145.3368178633973, 2778987.347173632588238],
            [4800149.098198308609426, 2778996.846257628407329],
            [4800157.075186767615378, 2779003.674386830069125],
            [4800164.526380163617432, 2779011.034766010940075],
            [4800172.42231554351747, 2779004.638296231627464],
            [4800181.924546892754734, 2779001.405849378556013],
            [4800176.157677222043276, 2779009.905408090911806],
            [4800169.332751526497304, 2779018.411333411000669],
            [4800172.039521132595837, 2779028.446014123503119],
            [4800179.487249840982258, 2779035.277386080939323],
            [4800189.028647766448557, 2779038.392843930982053],
            [4800192.164312665350735, 2779038.703413715586066],
            [4800199.085796754807234, 2779039.389247731305659],
            [4800209.136688841506839, 2779039.327632089611143],
            [4800218.635674383491278, 2779035.566184278577566],
            [4800227.057403540238738, 2779028.637480801902711],
            [4800227.455875340849161, 2779028.39961095713079],
            [4800236.017656681127846, 2779023.292576118372381],
            [4800258.021228336729109, 2779009.834447925444692],
            [4800362.684042364358902, 2779091.615408772602677],
            [4800333.997812319546938, 2779123.210283870343119],
            [4800354.533695496618748, 2779145.906413703225553],
            [4800360.144793087616563, 2779152.107555001042783],
            [4800360.261539377272129, 2779152.031091595534235],
            [4800360.687067490071058, 2779151.75192086584866],
            [4800362.827007103711367, 2779150.348693610168993],
            [4800368.274885393679142, 2779146.775833248626441],
            [4800375.818427379243076, 2779142.722835180349648],
            [4800377.238463293761015, 2779141.959974910598248],
            [4800379.16355718486011, 2779140.400371039286256],
            [4800385.134285679087043, 2779135.563447748310864],
            [4800394.630127864889801, 2779131.273038862738758],
            [4800404.129207060672343, 2779127.511753821279854],
            [4800413.08966888859868, 2779122.166785773821175],
            [4800420.985282469540834, 2779115.770049430429935],
            [4800423.101390640251338, 2779115.757113481871784],
            [4800423.779905066825449, 2779115.3149458267726],
            [4800430.477901441045105, 2779110.950863850768656],
            [4800438.373739964328706, 2779104.554241987876594],
            [4800445.205062059685588, 2779097.106401455588639],
            [4800449.608007840812206, 2779093.539502342231572],
            [4800453.100906686857343, 2779090.709784203674644],
            [4800454.852548486553133, 2779089.063111334107816],
            [4800460.464602914638817, 2779083.787392067722976],
            [4800468.360564170405269, 2779077.391000050585717],
            [4800476.256417829543352, 2779070.994389969855547],
            [4800482.023343140259385, 2779062.494894783943892],
            [4800489.91909446939826, 2779056.098400326445699],
            [4800499.940657093189657, 2779051.275896908249706],
            [4800508.904165727086365, 2779046.45975126279518],
            [4800517.861323051154613, 2779040.585809454321861],
            [4800524.150719595141709, 2779031.025073408614844],
            [4800530.982074496336281, 2779023.576925039291382],
            [4800536.216763478703797, 2779014.551776124630123],
            [4800537.970576520077884, 2779012.776377197355032],
            [4800543.577153966762125, 2779007.100510184187442],
            [4800552.534327952191234, 2779001.226580765098333],
            [4800558.833545654080808, 2778993.252772210165858],
            [4800566.197068042121828, 2778986.330523375421762],
            [4800574.62511265091598, 2778980.459723043721169],
            [4800584.127371633425355, 2778977.22740076854825],
            [4800592.55564046651125, 2778971.356715241912752],
            [4800600.451542641967535, 2778964.960143634583801],
            [4800609.411747704260051, 2778959.615023165941238],
            [4800616.77205743920058, 2778952.163779312744737],
            [4800626.267867014743388, 2778947.87345239892602],
            [4800635.228300110436976, 2778942.52856032224372],
            [4800637.811424361541867, 2778932.461455775424838],
            [4800643.046158278360963, 2778923.436221000272781],
            [4800650.409823547117412, 2778916.514106756076217],
            [4800655.732084769755602, 2778921.771352563984692],
            [4800660.470198985189199, 2778918.039333928376436],
            [4800665.70494222920388, 2778909.014214819297194],
            [4800675.200659462250769, 2778904.723795383237302],
            [4800684.16444830596447, 2778899.90770754776895],
            [4800688.915483193472028, 2778898.291510171722621],
            [4800691.608955970034003, 2778906.210283781401813],
            [4800698.463302988559008, 2778902.465133711695671],
            [4800694.731036636047065, 2778897.726984710432589],
            [4800694.727808439172804, 2778897.198086],
            [4800767.517015757970512, 2778862.366133440285921],
            [4800778.093407187610865, 2778861.772135256323963],
            [4800781.854817386716604, 2778871.271152122877538],
            [4800784.668199272826314, 2778873.851691951975226],
            [4800785.763450964353979, 2778874.856180437840521],
            [4800785.777183044701815, 2778874.868813703302294],
            [4800789.302752460353076, 2778878.102535072248429],
            [4800796.224991674534976, 2778885.466265507042408],
            [4800800.515314445830882, 2778894.961946114897728],
            [4800810.582244829274714, 2778897.54523675236851],
            [4800817.946053267456591, 2778890.622834631241858],
            [4800821.061496212147176, 2778881.081757791340351],
            [4800825.234781491570175, 2778871.534008120186627],
            [4800832.592038318514824, 2778863.553814810700715],
            [4800836.236519462428987, 2778854.009514029603451],
            [4800838.857495199888945, 2778848.686212960164994],
            [4800840.938952585682273, 2778844.45842999080196],
            [4800845.641389499418437, 2778834.907457696739584],
            [4800851.405226168222725, 2778825.879042233340442],
            [4800857.701104577630758, 2778817.376412385609001],
            [4800867.200092246755958, 2778813.615066154394299],
            [4800877.244240246713161, 2778812.49543067952618],
            [4800886.204633257351816, 2778807.150399958714843],
            [4800895.165028939954937, 2778801.805372189730406],
            [4800904.128543257713318, 2778796.989356759004295],
            [4800910.753466250374913, 2778790.761414234992117],
            [4800910.759549094364047, 2778790.755737428553402],
            [4800911.492067309096456, 2778790.06709554977715],
            [4800921.529882035218179, 2778787.88956764806062],
            [4800931.567587031982839, 2778785.711822557728738],
            [4800934.272845381870866, 2778784.982293804641813],
            [4800941.602070337161422, 2778783.005403873510659],
            [4800951.636553472839296, 2778780.298767382279038],
            [4800959.529230595566332, 2778773.373294120654464],
            [4800966.360733557492495, 2778765.925262582022697],
            [4800970.06040012370795, 2778765.373575893230736],
            [4800975.324047389440238, 2778761.109271395020187],
            [4800984.826393384486437, 2778757.876972146797925],
            [4800995.38991667330265, 2778755.167016451247036],
            [4801004.88904273044318, 2778751.405825764872134],
            [4801014.384836720302701, 2778747.115409262478352],
            [4801024.419225121848285, 2778744.408909164369106],
            [4801033.911801318638027, 2778739.589711866341531],
            [4801043.410824186168611, 2778735.828313358593732],
            [4801053.454993545077741, 2778734.708736910950392],
            [4801063.48960496019572, 2778732.002138055395335],
            [4801073.514223711565137, 2778727.708630270790309],
            [4801083.016584922559559, 2778724.476362763904035],
            [4801092.518838378600776, 2778721.244099001400173],
            [4801095.518509565852582, 2778720.909673439804465],
            [4801102.563119353726506, 2778720.124316828325391],
            [4801112.065265892073512, 2778716.892059930600226],
            [4801119.425734898075461, 2778709.440847061108798],
            [4801128.92799480818212, 2778706.208595195785165],
            [4801138.965619774535298, 2778704.030920843128115],
            [4801149.000353660434484, 2778701.324460860807449],
            [4801152.706250050105155, 2778701.830703456886113],
            [4801158.843758461996913, 2778702.736495099961758],
            [4801158.852833164855838, 2778702.737766840495169],
            [4801159.589556653983891, 2778702.846407474949956],
            [4801160.922210222110152, 2778701.918245661072433],
            [4801160.938745486550033, 2778701.906865552067757],
            [4801168.017654306255281, 2778696.975680222269148],
            [4801177.510149783454835, 2778692.156420475803316],
            [4801186.96567867975682, 2778691.600572920404375],
            [4801186.980203084647655, 2778691.599821007810533],
            [4801187.557659419253469, 2778691.565784919075668],
            [4801196.579634002409875, 2778696.271560267079622],
            [4801206.643349783495069, 2778698.325748326722533],
            [4801210.816772748716176, 2778688.778181405737996],
            [4801216.051481120288372, 2778679.752962241880596],
            [4801222.350586527958512, 2778671.77921059075743],
            [4801230.243231041356921, 2778664.85381726315245],
            [4801237.606845836155117, 2778657.931535406969488],
            [4801248.1898342538625, 2778658.395605879835784],
            [4801257.730961356312037, 2778661.511046002618968],
            [4801265.094692396000028, 2778654.588991900905967],
            [4801272.987348360009491, 2778647.663500512950122],
            [4801282.528365610167384, 2778650.778948643710464],
            [4801291.48874534945935, 2778645.433937447611243],
            [4801297.252406149171293, 2778636.405518249608576],
            [4801296.661899066530168, 2778626.35803482029587],
            [4801288.688118904829025, 2778620.058993272483349],
            [4801284.005144629627466, 2778611.343163351994008],
            [4801283.997078188695014, 2778611.32806261209771],
            [4801283.872111339122057, 2778611.095382988918573],
            [4801287.516536979936063, 2778601.550939881242812],
            [4801292.222250043414533, 2778592.529068214353174],
            [4801296.392496101558208, 2778582.452400750014931],
            [4801298.446829414926469, 2778572.388606358785182],
            [4801306.871656432747841, 2778565.988917793147266],
            [4801315.828737553209066, 2778560.114910950884223],
            [4801324.256679309532046, 2778554.244236245751381],
            [4801333.08290412183851, 2778549.269625373184681],
            [4801333.746126334182918, 2778548.895913832355291],
            [4801342.70954186283052, 2778544.079931723885238],
            [4801351.137601160444319, 2778538.209264782257378],
            [4801359.565662630833685, 2778532.338489937596023],
            [4801368.522761750966311, 2778526.464611234143376],
            [4801374.305053317919374, 2778521.390754040330648],
            [4801376.41536118555814, 2778519.53904393222183],
            [4801381.121111709624529, 2778510.517080774530768],
            [4801387.952542864717543, 2778503.069164142012596],
            [4801394.780542274937034, 2778495.092243392486125],
            [4801400.547478592023253, 2778486.59285945771262],
            [4801407.375701904296875, 2778478.615719974506646],
            [4801415.268323327414691, 2778471.690497162286192],
            [4801423.1609460208565, 2778464.764945088885725],
            [4801431.056569941341877, 2778458.368514711037278],
            [4801436.401692247018218, 2778467.328815888147801],
            [4801436.476787432096899, 2778467.462274859659374],
            [4801477.397585092112422, 2778442.742639790289104],
            [4801477.480740485712886, 2778442.692482876125723],
            [4801534.785102078691125, 2778408.075760594569147],
            [4801529.38576680328697, 2778397.920158175285906],
            [4801529.380018613301218, 2778397.909024267457426],
            [4801528.898220664821565, 2778397.002742309123278],
            [4801533.065246877260506, 2778386.397115570027381],
            [4801540.043059487827122, 2778390.699066594708711],
            [4801540.054792881011963, 2778390.70640433486551],
            [4801550.057460290379822, 2778396.873089603148401],
            [4801572.177609561011195, 2778380.867373054847121],
            [4801568.96151437330991, 2778374.010006534866989],
            [4801578.791956020519137, 2778368.728261049836874],
            [4801578.823424179106951, 2778368.711371967568994],
            [4801586.888499047607183, 2778364.377980601973832],
            [4801594.321562245488167, 2778372.698729307390749],
            [4801594.331790482625365, 2778372.710057177115232],
            [4801594.878545583225787, 2778373.322017204482108],
            [4801614.48201984539628, 2778357.566829282790422],
            [4801628.042167619802058, 2778346.668529313988984],
            [4801628.540281565859914, 2778347.221844795159996],
            [4801636.564453050494194, 2778356.138369207736105],
            [4801717.142087288200855, 2778297.45390069950372],
            [4801783.437293936498463, 2778238.85710256267339],
            [4801861.882933981716633, 2778177.540671686641872],
            [4801869.236835069023073, 2778169.031556822825223],
            [4801875.913384981453419, 2778161.305935357697308],
            [4801876.590630188584328, 2778160.522334348876029],
            [4801884.457213741727173, 2778149.365209022536874],
            [4801897.652566920034587, 2778144.523199441842735],
            [4801905.038991960696876, 2778141.303821406327188],
            [4801913.463708958588541, 2778134.904219117946923],
            [4801922.959552105516195, 2778130.614006803836673],
            [4801926.111203668639064, 2778129.013907021377236],
            [4801932.451972160488367, 2778125.794793021865189],
            [4801941.947819733992219, 2778121.504587069153786],
            [4801951.449972331523895, 2778118.272286183666438],
            [4801960.413578311912715, 2778113.456287077628076],
            [4801968.309490337967873, 2778107.059796451125294],
            [4801977.266362464986742, 2778101.185903770849109],
            [4801986.229866951704025, 2778096.369913814589381],
            [4801995.72572751622647, 2778092.079615478403866],
            [4802005.760136887431145, 2778089.373132615815848],
            [4802015.259097306057811, 2778085.611847109161317],
            [4802024.222719557583332, 2778080.795868530869484],
            [4802033.715165382251143, 2778075.976689000148326],
            [4802043.217445186339319, 2778072.744307206012309],
            [4802052.709895433858037, 2778067.925134035758674],
            [4802062.208866311237216, 2778064.16397465672344],
            [4802071.707947556860745, 2778060.402707156725228],
            [4802081.206921366043389, 2778056.641443436965346],
            [4802090.167245782911777, 2778051.296480965800583],
            [4802099.130667455494404, 2778046.480527618899941],
            [4802106.494157905690372, 2778039.558387972414494],
            [4802115.444770658388734, 2778032.626418131403625],
            [4802124.408418973907828, 2778027.810471859760582],
            [4802133.904093971475959, 2778023.520221238024533],
            [4802142.86432537343353, 2778018.175276807509363],
            [4802151.292426058091223, 2778012.304642946459353],
            [4802159.188177121803164, 2778005.908210014924407],
            [4802168.148416825570166, 2778000.563274003565311],
            [4802177.111970189027488, 2777995.747235005255789],
            [4802186.607660269364715, 2777991.457112951204181],
            [4802191.842537769116461, 2777982.432005669455975],
            [4802201.886810977943242, 2777981.31227383762598],
            [4802210.85015573259443, 2777976.496357682626694],
            [4802218.745925908908248, 2777970.099942517466843],
            [4802227.170848648063838, 2777963.700216787867248],
            [4802236.672954955138266, 2777960.468011619523168],
            [4802237.339630980975926, 2777961.943343783263117],
            [4802240.888729234226048, 2777957.797155707608908],
            [4802249.31675083283335, 2777951.926442715339363],
            [4802252.871368722990155, 2777950.154308801516891],
            [4802278.323214719071984, 2777937.46561289858073],
            [4802288.334952501580119, 2777931.0563058052212],
            [4802297.830670712515712, 2777926.766000396106392],
            [4802306.145945244468749, 2777923.473432690836489],
            [4802307.329700408503413, 2777923.004702464677393],
            [4802316.819024152122438, 2777917.656614644918591],
            [4802325.782398985698819, 2777912.84062509983778],
            [4802335.281434868462384, 2777909.079336473718286],
            [4802344.244924061000347, 2777904.263462740927935],
            [4802353.743854600004852, 2777900.502180901821703],
            [4802363.236498565413058, 2777895.683002455625683],
            [4802372.199993943795562, 2777890.867027092725039],
            [4802377.966850370168686, 2777882.367547346279025],
            [4802379.492218013852835, 2777872.307307716459036],
            [4802389.529906776733696, 2777870.129631868097931],
            [4802396.893384726718068, 2777863.20757519453764],
            [4802406.927878990769386, 2777860.501011203508824],
            [4802416.959067037329078, 2777857.265446555800736],
            [4802424.319465017877519, 2777849.814502767287195],
            [4802433.821724227629602, 2777846.58214170159772],
            [4802443.320570073090494, 2777842.821001568809152],
            [4802453.371277830563486, 2777842.759364463854581],
            [4802462.33490679692477, 2777837.943307156674564],
            [4802471.295123756863177, 2777832.598470692522824],
            [4802478.658733673393726, 2777825.676214888691902],
            [4802488.69644084200263, 2777823.498904612846673],
            [4802498.191990184597671, 2777819.208557599689811],
            [4802507.155630761757493, 2777814.392514738254249],
            [4802516.65129573456943, 2777810.102504993323237],
            [4802526.153462584130466, 2777806.870174788869917],
            [4802535.117109701968729, 2777802.054140825290233],
            [4802541.948391938582063, 2777794.606316450051963],
            [4802550.908739949576557, 2777789.261394677683711],
            [4802559.872177043929696, 2777784.445480799302459],
            [4802568.835725068114698, 2777779.629458570852876],
            [4802578.866947069764137, 2777776.393950266763568],
            [4802586.762828846462071, 2777769.997533373534679],
            [4802596.248709455132484, 2777764.120318155735731],
            [4802606.286546621471643, 2777761.942937084939331],
            [4802609.981505256146193, 2777764.862098709214479],
            [4802613.15673272870481, 2777760.842735921498388],
            [4802615.739940854720771, 2777750.775911471806467],
            [4802625.77767266985029, 2777748.598427345044911],
            [4802634.737934554927051, 2777743.253422965295613],
            [4802644.233631704933941, 2777738.963345843367279],
            [4802653.193898679688573, 2777733.61834745388478],
            [4802662.150865910574794, 2777727.744459223002195],
            [4802670.57901150174439, 2777721.873877168633044],
            [4802678.474922530353069, 2777715.477487598545849],
            [4802686.370617408305407, 2777709.080991188529879],
            [4802691.073004480451345, 2777699.53029752150178],
            [4802694.137792490422726, 2777697.047371804714203],
            [4802698.96892418153584, 2777693.133803909178823],
            [4802699.764841231517494, 2777692.658805935177952],
            [4802707.929102221503854, 2777687.788824753835797],
            [4802718.505586815066636, 2777687.195080377627164],
            [4802728.549615225754678, 2777686.075419273227453],
            [4802738.580875176936388, 2777682.839967235457152],
            [4802747.544361902400851, 2777678.023893015924841],
            [4802756.507852316834033, 2777673.208042834885418],
            [4802766.00358148291707, 2777668.918007042724639],
            [4802774.963883318006992, 2777663.572937907651067],
            [4802783.927380848675966, 2777658.757096559274942],
            [4802792.890880060382187, 2777653.941147531848401],
            [4802802.386616946198046, 2777649.650902846828103],
            [4802810.28234919346869, 2777643.254443012643605],
            [4802819.245856401510537, 2777638.438613126054406],
            [4802827.670748418197036, 2777632.038966532796621],
            [4802836.634150181896985, 2777627.22292184876278],
            [4802846.129900394007564, 2777622.932913238182664],
            [4802855.625650727190077, 2777618.642576069571078],
            [4802865.127784384414554, 2777615.410359607078135],
            [4802873.023645042441785, 2777609.013917667325586],
            [4802881.983869692310691, 2777603.669105255976319],
            [4802890.944097008556128, 2777598.324295789934695],
            [4802900.439749530516565, 2777594.033974424004555],
            [4802900.968904021196067, 2777594.030783886089921],
            [4802910.999982909299433, 2777590.795282878912985],
            [4802918.89255893509835, 2777583.869851794559509],
            [4802927.852795916609466, 2777578.524943753145635],
            [4802936.280910989269614, 2777572.654334510210901],
            [4802945.773277902044356, 2777567.835136478766799],
            [4802954.736820812337101, 2777563.019239835906774],
            [4802963.165052600204945, 2777557.148527752608061],
            [4802970.528492571786046, 2777550.226412322837859],
            [4802979.488745808601379, 2777544.88152134232223],
            [4802988.984423068352044, 2777540.591340727172792],
            [4802996.347871865145862, 2777533.669232637155801],
            [4803007.943361931480467, 2777526.721182368695736],
            [4803008.472408002242446, 2777526.717994404025376],
            [4803017.971280217170715, 2777522.956716198008507],
            [4803026.39942364487797, 2777517.086135231889784],
            [4803032.698527282103896, 2777509.112406073603779],
            [4803042.726453565061092, 2777505.348059415817261],
            [4803052.760864136740565, 2777502.641610952559859],
            [4803062.795275232754648, 2777499.935055254027247],
            [4803064.991278409026563, 2777498.755191058851779],
            [4803065.020461304113269, 2777498.739533844403923],
            [4803071.758850375190377, 2777495.119196585379541],
            [4803079.119139031507075, 2777487.668108830228448],
            [4803087.547191098332405, 2777481.797437028959394],
            [4803096.507368902675807, 2777476.452474437654018],
            [4803103.590949628502131, 2777472.646611307747662],
            [4803103.648444252088666, 2777472.615744529291987],
            [4803105.47095384541899, 2777471.636516314931214],
            [4803114.431137498468161, 2777466.291670158039778],
            [4803122.326968696899712, 2777459.895303135272115],
            [4803129.687276296317577, 2777452.444230006542057],
            [4803135.454185140319169, 2777443.944820543285459],
            [4803143.350026419386268, 2777437.548570770770311],
            [4803152.852229667827487, 2777434.316340582445264],
            [4803160.238464664667845, 2777431.096963687799871],
            [4803162.354433726519346, 2777431.084002883173525],
            [4803171.314745577052236, 2777425.739175029098988],
            [4803180.813550759106874, 2777421.977952643763274],
            [4803187.644941334612668, 2777414.530080439988524],
            [4803192.470350748859346, 2777409.269201893359423],
            [4803194.476556209847331, 2777407.082651181146502],
            [4803202.354194620624185, 2777414.864179050084203],
            [4803205.120850926265121, 2777417.597023284994066],
            [4803206.520078184083104, 2777416.405158065259457],
            [4803263.863160993903875, 2777367.560908333398402],
            [4803271.428620680235326, 2777361.116812703199685],
            [4803268.465711543336511, 2777356.523173835594207],
            [4803263.95159952249378, 2777349.524655112065375],
            [4803273.434411334805191, 2777343.11856429092586],
            [4803275.344122624024749, 2777344.374889962375164],
            [4803276.621320352889597, 2777345.214922566432506],
            [4803272.425149933435023, 2777351.05973891261965],
            [4803286.233624206855893, 2777359.968032740056515],
            [4803313.536309404298663, 2777326.473878081422299],
            [4803307.152945327572525, 2777320.693926755338907],
            [4803312.419951669871807, 2777316.958650141023099],
            [4803316.674503564834595, 2777320.635654124896973],
            [4803327.481642419472337, 2777308.118407586123794],
            [4803382.333620224148035, 2777244.586515823379159],
            [4803371.669820738956332, 2777230.897856036201119],
            [4803374.28874718490988, 2777226.649716786108911],
            [4803378.770375902764499, 2777217.547466767020524],
            [4803383.710045829415321, 2777207.514907308388501],
            [4803389.916126120835543, 2777194.910353261977434],
            [4803358.146227519959211, 2777100.868591004982591],
            [4803345.239648895338178, 2777062.664147933479398],
            [4803337.038747243583202, 2777039.898646230809391],
            [4803334.035206811502576, 2777034.27263455837965],
            [4803329.563263541087508, 2777025.896337429527193],
            [4803318.883039708249271, 2777003.676869088318199],
            [4803308.538972618058324, 2776977.428448922000825],
            [4803304.109821209684014, 2776961.528491476085037],
            [4803293.594902710057795, 2776927.764551452361047],
            [4803287.74824588932097, 2776911.422168464399874],
            [4803280.776560658589005, 2776899.1095030317083],
            [4803273.535392133519053, 2776889.671584914438426],
            [4803267.459319468587637, 2776882.812606046907604],
            [4803202.497938566841185, 2776829.725549287162721],
            [4803180.331121559254825, 2776795.787010011728853],
            [4803161.302215546369553, 2776758.304592042695731],
            [4803160.792269989848137, 2776756.908915797714144],
            [4803157.719551439397037, 2776750.379324896726757],
            [4803155.667821678332984, 2776744.55418678605929],
            [4803152.62479405850172, 2776737.875685333274305],
            [4803150.054069880396128, 2776734.252914296928793],
            [4803130.401699875481427, 2776690.844988282304257],
            [4803111.261951040476561, 2776667.345612636301666],
            [4803087.51722855027765, 2776646.441441737115383],
            [4802946.411333112977445, 2776521.001395167782903],
            [4802885.428674397058785, 2776466.789088393561542],
            [4802864.04815377201885, 2776459.803519706241786],
            [4802735.330778051167727, 2776417.749009945429862],
            [4802730.670703288167715, 2776417.110075368545949],
            [4802749.430053287185729, 2776388.671052561141551],
            [4802756.008780190721154, 2776378.697515252046287],
            [4802715.659825086593628, 2776346.424435098655522],
            [4802684.465040479786694, 2776320.23347811261192],
            [4802683.807098838500679, 2776319.68110882025212],
            [4802664.996327137574553, 2776302.798130411654711],
            [4802656.158404593355954, 2776294.245294343680143],
            [4802599.934056303463876, 2776232.348336899187416],
            [4802551.15480278711766, 2776246.657288593240082],
            [4802548.100017739459872, 2776244.70216672308743],
            [4802545.454396521672606, 2776242.462482318282127],
            [4802543.908260961994529, 2776239.138987357262522],
            [4802542.702846884727478, 2776235.051307175308466],
            [4802536.477447143755853, 2776236.532845681067556],
            [4802483.379268220625818, 2776250.670907066203654],
            [4802446.89751639124006, 2776260.341985563747585],
            [4802421.197516028769314, 2776267.943495563231409],
            [4802413.255614373832941, 2776270.20175486523658],
            [4802400.755551885813475, 2776257.892504871822894],
            [4802372.817066414281726, 2776224.897932443302125],
            [4802366.047633438371122, 2776216.903491587378085],
            [4802361.62617476657033, 2776211.028659784700722],
            [4802355.98467764724046, 2776203.243817361537367],
            [4802314.661048495210707, 2776148.062352117616683],
            [4802279.755260072648525, 2776099.347238470800221],
            [4802267.672659141942859, 2776084.691494951955974],
            [4802264.081949755549431, 2776080.164290067739785],
            [4802249.854353534057736, 2776059.397483128122985],
            [4802246.70844445656985, 2776052.203010301105678],
            [4802237.53722236957401, 2776015.801222030073404],
            [4802236.589627624489367, 2776012.153431284241378],
            [4802234.61468140501529, 2776005.670777008403093],
            [4802217.500196427106857, 2775941.753553382121027],
            [4802273.015934347175062, 2775927.967436295934021],
            [4802304.158123482950032, 2775920.385509657673538],
            [4802345.126413037069142, 2775909.403938244562596],
            [4802419.133613015525043, 2775889.662526696920395],
            [4802470.376853032968938, 2775877.217487808782607],
            [4802464.631839056499302, 2775862.002262838184834],
            [4802458.218872984871268, 2775842.442108454648405],
            [4802450.709883860312402, 2775822.406541981734335],
            [4802446.335460456088185, 2775810.281106486450881],
            [4802437.898806731216609, 2775794.732686749659479],
            [4802409.150543265976012, 2775744.492159123066813],
            [4802370.947489211335778, 2775678.827699776738882],
            [4802334.996290999464691, 2775609.420738266780972],
            [4802325.505490084178746, 2775587.609258340205997],
            [4802316.23365003336221, 2775568.011190554592758],
            [4802293.642130783759058, 2775520.260114684235305],
            [4802289.454358250834048, 2775514.27295290492475],
            [4802283.017670063301921, 2775505.319299439899623],
            [4802274.731607881374657, 2775494.88550619687885],
            [4802265.057046244852245, 2775483.741205573547632],
            [4802253.291799373924732, 2775470.090255229733884],
            [4802239.095650500617921, 2775453.967996249906719],
            [4802246.518360057845712, 2775450.784195472486317],
            [4802254.581457627005875, 2775447.557494336273521],
            [4802271.179176338948309, 2775442.731560142710805],
            [4802286.257381340488791, 2775438.891136080026627],
            [4802295.364234535954893, 2775437.052802852820605],
            [4802279.770355092361569, 2775421.095217902678996],
            [4802261.987549744546413, 2775402.646949428599328],
            [4802242.095080378465354, 2775381.863109854981303],
            [4802225.575548660010099, 2775364.435748528223485],
            [4802218.294121135026217, 2775355.197809210512787],
            [4802216.260550962761045, 2775347.640428485814482],
            [4802200.423208981752396, 2775294.295607693959028],
            [4802192.729582158848643, 2775268.166011976543814],
            [4802165.05390645749867, 2775180.072111355606467],
            [4802163.203204082325101, 2775173.454899551346898],
            [4802142.952387739904225, 2775115.712688954547048],
            [4802135.279855414293706, 2775094.78650987893343],
            [4802131.049461045302451, 2775084.160812929738313],
            [4802123.490281922742724, 2775067.786164885852486],
            [4802113.875730386003852, 2775050.524128105025738],
            [4802105.666409866884351, 2775037.392132304608822],
            [4802095.722467237152159, 2775023.262219862546772],
            [4802091.06353039573878, 2775015.234692704863846],
            [4802070.257126834243536, 2775024.840251609683037],
            [4801988.519459544681013, 2775062.348643109202385],
            [4801904.524660565890372, 2775101.278518432285637],
            [4801890.813781172037125, 2775108.979210659395903],
            [4801920.046221295371652, 2775131.364043510053307],
            [4801967.559787346981466, 2775169.89680063445121],
            [4801949.872553204186261, 2775179.25160058028996],
            [4801798.557789912447333, 2775248.912640548311174],
            [4801761.155385507270694, 2775266.943379678763449],
            [4801752.424523649737239, 2775254.66532091377303],
            [4801738.535764017142355, 2775235.634822603780776],
            [4801720.662162201479077, 2775211.319732283707708],
            [4801708.591572017408907, 2775196.229335479903966],
            [4801698.897932301275432, 2775184.039165389258415],
            [4801688.6272555552423, 2775170.718470441643149],
            [4801672.632604483515024, 2775149.722644370049238],
            [4801659.580644668079913, 2775131.957688418217003],
            [4801647.830346837639809, 2775116.83451340906322],
            [4801638.839118343777955, 2775105.39615121902898],
            [4801629.107128078117967, 2775093.015360984019935],
            [4801620.37707594409585, 2775082.996733251959085],
            [4801606.171884479932487, 2775070.766446474008262],
            [4801602.521352048031986, 2775068.136572604067624],
            [4801597.941625969484448, 2775064.532236512750387],
            [4801592.720880086533725, 2775059.893858642317355],
            [4801581.389688640832901, 2775050.464029159396887],
            [4801572.957698061130941, 2775042.870110363233835],
            [4801558.193515411578119, 2775030.654614597558975],
            [4801546.421471913345158, 2775019.602016175165772],
            [4801540.822996732778847, 2775014.237527275457978],
            [4801534.429726452566683, 2775007.649838181678206],
            [4801525.370351363904774, 2775002.430722806602716],
            [4801493.871291654184461, 2774986.435090926475823],
            [4801468.035551593638957, 2774974.157000029459596],
            [4801445.83883062005043, 2774963.816168649122119],
            [4801427.375148080289364, 2774954.357950282283127],
            [4801417.840917184017599, 2774950.110880883410573],
            [4801430.458338847383857, 2774942.798231177031994],
            [4801583.526591170579195, 2774870.238355534151196],
            [4801547.122940307483077, 2774796.911481118761003],
            [4801537.015873018652201, 2774774.987071317620575],
            [4801531.857473722659051, 2774762.648587435483932],
            [4801503.633783452212811, 2774702.094306606333703],
            [4801496.504066554829478, 2774686.521734869573265],
            [4801491.9064632775262, 2774677.252825950272381],
            [4801464.469774403609335, 2774619.161433231085539],
            [4801448.41901798825711, 2774585.287474004086107],
            [4801446.791433952748775, 2774579.296035554725677],
            [4801424.156692462041974, 2774531.740923654288054],
            [4801402.611950655467808, 2774486.551976952236146],
            [4801397.389562701806426, 2774475.296267482452095],
            [4801373.239676218479872, 2774425.489385009743273],
            [4801364.215238688513637, 2774406.774609765969217],
            [4801351.713687272742391, 2774412.76287805614993],
            [4801335.943971536122262, 2774420.511857832316309],
            [4801314.560248205438256, 2774431.58260021917522],
            [4801293.372104578651488, 2774441.932724629063159],
            [4801274.298748325556517, 2774450.470314890611917],
            [4801256.311553433537483, 2774457.269059041049331],
            [4801233.449021426960826, 2774463.676503852475435],
            [4801202.273646372370422, 2774470.786269499920309],
            [4801186.49522172473371, 2774473.596664167009294],
            [4801169.967087326571345, 2774476.514014283195138],
            [4801151.548766176216304, 2774479.219243380241096],
            [4801143.323447394184768, 2774480.68062197137624],
            [4801133.617345491424203, 2774482.528737122192979],
            [4801113.597550936043262, 2774484.437891529873013],
            [4801073.939932194538414, 2774487.376779690384865],
            [4801024.455053823068738, 2774489.500890322029591],
            [4800972.241348481737077, 2774490.676593884825706],
            [4800926.702679032459855, 2774493.241779339499772],
            [4800914.685735453851521, 2774493.075029309373349],
            [4800899.294578294269741, 2774493.4489616015926],
            [4800879.005932744592428, 2774493.76241983147338],
            [4800864.78459676168859, 2774493.944146013818681],
            [4800853.691044996492565, 2774493.91722400020808],
            [4800843.459918549284339, 2774493.903311300091445],
            [4800830.169428901746869, 2774493.599467726424336],
            [4800819.901451301760972, 2774493.36473165685311],
            [4800791.263827744871378, 2774491.31430189171806],
            [4800771.962464241310954, 2774490.776310600340366],
            [4800752.001747529953718, 2774489.717403132468462],
            [4800733.37299470603466, 2774489.348407131619751],
            [4800723.114958876743913, 2774490.588260361459106],
            [4800691.648264238610864, 2774498.651869124732912],
            [4800566.702274621464312, 2774533.436912714503706],
            [4800533.233607862144709, 2774543.342129624914378],
            [4800519.24855349957943, 2774546.78520577494055],
            [4800508.504549825564027, 2774549.404180644545704],
            [4800455.049247657880187, 2774564.648225607350469],
            [4800440.175527952611446, 2774568.252781637944281],
            [4800427.977565468288958, 2774571.695855307858437],
            [4800400.843765886500478, 2774579.611188954673707],
            [4800382.071708647534251, 2774584.968258367851377],
            [4800365.919572125189006, 2774589.498807535041124],
            [4800354.871120868250728, 2774591.351030150428414],
            [4800345.388450978323817, 2774594.16242363397032],
            [4800334.189108679071069, 2774598.684601587243378],
            [4800324.365147541277111, 2774603.883685993496329],
            [4800316.596482063643634, 2774608.813145280815661],
            [4800315.452910648658872, 2774609.637320937588811],
            [4800306.852499776519835, 2774615.26719635957852],
            [4800298.626040617935359, 2774621.430127653758973],
            [4800290.806160355918109, 2774628.101587489247322],
            [4800283.424707843922079, 2774635.254841601476073],
            [4800276.510570646263659, 2774642.861293854191899],
            [4800266.265981809236109, 2774653.614226348232478],
            [4800260.264079032465816, 2774658.14766329806298],
            [4800255.12835225276649, 2774661.749911036808044],
            [4800246.280223661102355, 2774666.921733761671931],
            [4800160.823962543159723, 2774707.849006889853626],
            [4800155.520624523051083, 2774710.389040097594261],
            [4800131.431595645844936, 2774722.75217481656],
            [4800110.439729600213468, 2774734.131379084661603],
            [4800101.300805503502488, 2774739.410960688721389],
            [4800104.175829582847655, 2774744.622340596280992],
            [4800128.450906429439783, 2774794.807672370225191],
            [4800139.290011022239923, 2774819.563131291419268],
            [4800113.531976453028619, 2774831.331254115328193],
            [4800017.613496954552829, 2774881.426143678836524],
            [4799947.634902141988277, 2774919.48965195287019],
            [4799803.919051178731024, 2774997.922164532355964],
            [4799714.55349297914654, 2775047.23671186203137],
            [4799423.512117811478674, 2775207.129914452787489],
            [4799351.29205384105444, 2775246.80648285895586],
            [4799335.457212351262569, 2775255.627753813751042],
            [4799263.660907343961298, 2775295.62452835496515],
            [4799030.718248275108635, 2775424.147958731278777],
            [4799028.662447770126164, 2775425.32391485478729],
            [4799022.415352674201131, 2775428.897170204669237],
            [4799022.302054410800338, 2775428.629589462187141],
            [4799021.034536237828434, 2775429.328847943339497],
            [4799021.536499691195786, 2775430.566516496241093],
            [4799022.030306063592434, 2775430.296979342587292],
            [4799022.821100611239672, 2775429.855873649474233],
            [4799029.683441798202693, 2775446.069231852889061],
            [4799049.742401559837162, 2775495.989017033483833],
            [4799051.529641483910382, 2775500.43689453555271],
            [4799089.115829642862082, 2775593.975470796227455],
            [4799104.133482403121889, 2775631.349406377412379],
            [4799119.21335041243583, 2775675.129073407500982],
            [4799127.219450183212757, 2775698.372411248274148]
          ]
        ]
      }
    },
    {
      "type": "Feature",
      "properties": {
        "objectid": 5,
        "nombre": "Norte - centro histórico",
        "identificador": "02",
        "st_area(shape)": 26381725.658510625
      },
      "geometry": {
        "type": "Polygon",
        "coordinates": [
          [
            [4803836.913216120563447, 2771819.630353729706258],
            [4803852.527349624782801, 2771842.880814585834742],
            [4803843.876228976994753, 2771845.424854182638228],
            [4803835.036907600238919, 2771847.209888238459826],
            [4803826.076281324960291, 2771848.222358186729252],
            [4803817.061829896643758, 2771848.455004995223135],
            [4803808.060844275169075, 2771847.905546809546649],
            [4803799.141529775224626, 2771846.578441675752401],
            [4803790.370485929772258, 2771844.483686190098524],
            [4803781.814018256962299, 2771841.636918283067644],
            [4803773.536282191053033, 2771838.059649431146681],
            [4803765.599607613869011, 2771833.778709871228784],
            [4803758.063624757342041, 2771828.826253799721599],
            [4803750.984935833141208, 2771823.239650784991682],
            [4803744.417001099325716, 2771817.060712379403412],
            [4803738.408830462954938, 2771810.336142292246222],
            [4803712.455629559233785, 2771818.436224971432239],
            [4803708.985497562214732, 2771819.519310873933136],
            [4803681.435923422686756, 2771828.650063229724765],
            [4803640.688848320394754, 2771842.242160373367369],
            [4803595.004812956787646, 2771860.093551153782755],
            [4803592.23668004758656, 2771861.99650191841647],
            [4803583.951145836152136, 2771865.378179220948368],
            [4803562.816633437760174, 2771868.22839241893962],
            [4803536.600048606283963, 2771874.443362070247531],
            [4803500.32590592186898, 2771890.938409148715436],
            [4803440.973050584085286, 2771916.172258514445275],
            [4803413.28955002874136, 2771929.102851408533752],
            [4803321.291296959854662, 2771972.074260695371777],
            [4803294.125381384976208, 2771909.39064531866461],
            [4803293.860139993950725, 2771908.778066688217223],
            [4803284.689791961573064, 2771891.810914939735085],
            [4803267.791384059004486, 2771857.703321446664631],
            [4803263.279698490165174, 2771850.14448325522244],
            [4803255.144535302184522, 2771853.327186571899801],
            [4803236.812742457725108, 2771860.910724603570998],
            [4803211.976847128011286, 2771870.689349872525781],
            [4803192.644863123074174, 2771878.214328743517399],
            [4803119.767019753344357, 2771908.004500248003751],
            [4803126.845900884829462, 2771921.916413756553084],
            [4803138.858527929522097, 2771946.589373767375946],
            [4803151.369508740492165, 2771972.34238024475053],
            [4803163.010657204315066, 2771996.657849819865078],
            [4803173.198341075330973, 2772018.466753543820232],
            [4803182.085547115653753, 2772037.425372560508549],
            [4803172.771107755601406, 2772041.507783589418977],
            [4803158.72744432091713, 2772047.238666194025427],
            [4803144.721703978255391, 2772052.514729283750057],
            [4803133.343432874418795, 2772057.143962374422699],
            [4803120.958933311514556, 2772062.075921269133687],
            [4803113.793664070777595, 2772065.299411322455853],
            [4803105.065131860785186, 2772069.259899369440973],
            [4803052.178295071236789, 2772089.748792101629078],
            [4803039.574477198533714, 2772094.399013199843466],
            [4803009.577353009954095, 2772102.839017001911998],
            [4803009.146062209270895, 2772102.96047885203734],
            [4802960.982795316725969, 2772116.511755981482565],
            [4802955.613336560316384, 2772118.40074241347611],
            [4802934.476106707938015, 2772123.995707112364471],
            [4802927.180134965106845, 2772125.936068535782397],
            [4802917.392126579768956, 2772128.385353609919548],
            [4802897.94821510463953, 2772132.520240139216185],
            [4802884.279981035739183, 2772135.856243525631726],
            [4802876.356137093156576, 2772138.277986480854452],
            [4802865.484991678036749, 2772141.431336753536016],
            [4802855.327648428268731, 2772144.256513184867799],
            [4802844.80373633466661, 2772147.100149233825505],
            [4802843.540873147547245, 2772147.424214700236917],
            [4802838.692006080411375, 2772148.668393415398896],
            [4802803.299826670438051, 2772165.838215705007315],
            [4802809.592284965328872, 2772183.486808012705296],
            [4802819.38734445720911, 2772206.015664558857679],
            [4802831.687950172461569, 2772226.212577825412154],
            [4802840.851669019088149, 2772240.842644451186061],
            [4802844.147048015147448, 2772246.768152257427573],
            [4802854.592845727689564, 2772265.551034374628216],
            [4802871.522700048983097, 2772300.565038568340242],
            [4802884.357928919605911, 2772332.021456950809807],
            [4802844.723928885534406, 2772341.316469958983362],
            [4802838.216460134834051, 2772342.842642990872264],
            [4802821.174949265085161, 2772346.806036229245365],
            [4802789.129217494279146, 2772353.697294686920941],
            [4802753.668727488256991, 2772361.690696916542947],
            [4802720.820394062437117, 2772368.892605957109481],
            [4802708.92632766533643, 2772370.31858528777957],
            [4802694.740859650075436, 2772372.019310894887894],
            [4802588.474155467003584, 2772404.16538759181276],
            [4802566.083543149754405, 2772410.587907850276679],
            [4802511.785168334841728, 2772426.806915576569736],
            [4802502.279623991809785, 2772428.625768559984863],
            [4802431.442442775703967, 2772449.769529283512384],
            [4802421.140853493474424, 2772452.844428403303027],
            [4802407.213699893094599, 2772456.686139400117099],
            [4802378.675183847546577, 2772464.764494602568448],
            [4802332.6791767263785, 2772477.784268313553184],
            [4802321.575005077756941, 2772481.408869616687298],
            [4802259.036240288056433, 2772499.001505949068815],
            [4802251.217120784334838, 2772501.268308958038688],
            [4802195.782651499845088, 2772518.519494211301208],
            [4802181.936507899314165, 2772523.088006994221359],
            [4802172.392354914918542, 2772526.236940843984485],
            [4802119.891029682010412, 2772542.271333991549909],
            [4802106.797590081579983, 2772545.678770333528519],
            [4802075.230058927088976, 2772554.139377453364432],
            [4802057.982697263360023, 2772557.590014995075762],
            [4802049.085547463037074, 2772557.341774593107402],
            [4802040.499884949065745, 2772554.246610045898706],
            [4802035.34524661488831, 2772550.884712710976601],
            [4802021.795604509301484, 2772548.486848291475326],
            [4802012.259646284393966, 2772547.901325006969273],
            [4801951.952128696255386, 2772564.743667843751609],
            [4801807.464056661352515, 2772607.242684928700328],
            [4801634.358638727106154, 2772658.159212764818221],
            [4801629.971752561628819, 2772659.175653535407037],
            [4801626.630642807111144, 2772660.018906701356173],
            [4801560.93469207547605, 2772678.215613525826484],
            [4801521.980805324390531, 2772689.061700575053692],
            [4801490.688599635846913, 2772699.005596673581749],
            [4801466.888762033544481, 2772706.176257683895528],
            [4801407.771197841502726, 2772722.246606269851327],
            [4801393.798766547814012, 2772725.981795279309154],
            [4801376.085746201686561, 2772730.716840568929911],
            [4801361.444171356968582, 2772734.120587421115488],
            [4801347.937521864660084, 2772737.783312099054456],
            [4801344.348104832693934, 2772738.2886120127514],
            [4801327.930893763899803, 2772740.600506549235433],
            [4801299.283701098524034, 2772740.431331182830036],
            [4801278.793338597752154, 2772737.719608921557665],
            [4801264.531058721244335, 2772730.430124802514911],
            [4801243.759252349846065, 2772718.826660300604999],
            [4801225.83841950353235, 2772706.312768781557679],
            [4801217.096276070922613, 2772699.835385256446898],
            [4801214.450354712083936, 2772698.235912722535431],
            [4801201.34609261713922, 2772690.315201077610254],
            [4801106.803469894453883, 2772629.675635115709156],
            [4801095.343478968366981, 2772621.260644055902958],
            [4801073.98717447090894, 2772607.380268108099699],
            [4800992.67745053768158, 2772554.533572960179299],
            [4800991.893802180886269, 2772554.024226019158959],
            [4800979.816744267009199, 2772545.841801887378097],
            [4800940.094924249686301, 2772520.963289498817176],
            [4800900.756466471590102, 2772497.927337048109621],
            [4800890.763920879922807, 2772493.936419957783073],
            [4800878.028716736473143, 2772488.850123227573931],
            [4800864.539299896918237, 2772484.902428495697677],
            [4800852.206089146435261, 2772481.964530877768993],
            [4800839.77128283213824, 2772479.732438172213733],
            [4800827.100594354793429, 2772478.205306555144489],
            [4800729.943372690118849, 2772472.044033338315785],
            [4800725.377000158652663, 2772471.75448861438781],
            [4800712.620098508894444, 2772470.859017494600266],
            [4800630.865428721532226, 2772465.120958534069359],
            [4800629.68076088372618, 2772465.04001827724278],
            [4800577.845353585667908, 2772461.49837980279699],
            [4800517.840792765840888, 2772458.393937650602311],
            [4800511.741921735927463, 2772458.933814366813749],
            [4800494.798766412772238, 2772460.433206642977893],
            [4800476.891634771600366, 2772463.862715169787407],
            [4800470.789374034851789, 2772465.390897648409009],
            [4800460.408299334347248, 2772469.378569202497602],
            [4800450.337703143246472, 2772474.095861743204296],
            [4800440.628791952505708, 2772479.518577970564365],
            [4800431.331113814376295, 2772485.619323693681508],
            [4800422.49135447666049, 2772492.367183412890881],
            [4800414.154866274446249, 2772499.727600459940732],
            [4800406.364251842722297, 2772507.663049099035561],
            [4800399.15860265865922, 2772516.133592084050179],
            [4800390.389745525084436, 2772529.832040330860764],
            [4800382.277580219320953, 2772543.929573206230998],
            [4800374.840050093829632, 2772558.394343785010278],
            [4800368.094115067273378, 2772573.194511139765382],
            [4800362.054646954871714, 2772588.296256547793746],
            [4800356.735211757943034, 2772603.666653922293335],
            [4800352.490852322429419, 2772613.044781316071749],
            [4800352.475508632138371, 2772613.072962655685842],
            [4800352.462246876209974, 2772613.102126566693187],
            [4800350.820637499913573, 2772616.090878017712384],
            [4800347.541802802123129, 2772622.070455730892718],
            [4800347.506511837244034, 2772622.12441359134391],
            [4800347.475822450593114, 2772622.180444533005357],
            [4800345.249780745245516, 2772625.583123567514122],
            [4800341.916480670683086, 2772630.691309656016529],
            [4800341.857835981063545, 2772630.767857862170786],
            [4800341.805332560092211, 2772630.848128527402878],
            [4800339.16306134685874, 2772634.277668024413288],
            [4800335.648228595964611, 2772638.856383177451789],
            [4800335.562276777811348, 2772638.952228317968547],
            [4800335.484333677217364, 2772639.053443293087184],
            [4800332.497844676487148, 2772642.367527805734426],
            [4800328.773687005974352, 2772646.518013833556324],
            [4800328.657454589381814, 2772646.629303604364395],
            [4800328.550445504486561, 2772646.748056902550161],
            [4800325.265501842834055, 2772649.871986081823707],
            [4800321.3331184880808, 2772653.631281649693847],
            [4800321.183847163803875, 2772653.753609541337937],
            [4800321.044798620045185, 2772653.886048868298531],
            [4800317.497937384992838, 2772656.773155888542533],
            [4800313.370082711800933, 2772660.154453482944518],
            [4800313.185670375823975, 2772660.283519577700645],
            [4800313.012039895169437, 2772660.424794773571193],
            [4800309.236059510149062, 2772663.042479534633458],
            [4800304.93176690954715, 2772666.049423313699663],
            [4800304.70999815966934, 2772666.180264882743359],
            [4800304.499573696404696, 2772666.325966119766235],
            [4800300.526446910575032, 2772668.649595463648438],
            [4800296.066798697225749, 2772671.281393779907376],
            [4800295.757667210884392, 2772671.43775863898918],
            [4800295.558428607881069, 2772671.55430862121284],
            [4800294.79160628747195, 2772671.926772214937955],
            [4800289.733317456208169, 2772674.486685594543815],
            [4800287.392131661996245, 2772675.520060564391315],
            [4800286.241080340929329, 2772676.078982438426465],
            [4800285.175932725891471, 2772676.498268551193178],
            [4800283.239346538670361, 2772677.353023821022362],
            [4800276.603196508251131, 2772679.872998646460474],
            [4800267.925752367824316, 2772682.307861725799739],
            [4800259.091046962887049, 2772684.090471653267741],
            [4800250.148402655497193, 2772685.21046528313309],
            [4800241.147060136310756, 2772685.662013827823102],
            [4800232.137153666466475, 2772685.442489877343178],
            [4800223.168403359130025, 2772684.553028329275548],
            [4800214.290770095773041, 2772682.998411783482879],
            [4800205.55347691103816, 2772680.787850591354072],
            [4800197.004998235963285, 2772677.933213622309268],
            [4800188.692520389333367, 2772674.450137351639569],
            [4800180.662489188835025, 2772670.358243709430099],
            [4800171.900873363949358, 2772665.248245703056455],
            [4800163.526359261013567, 2772659.526802605483681],
            [4800155.580969259142876, 2772653.222741552628577],
            [4800148.105327030643821, 2772646.368436822202057],
            [4800141.136902721598744, 2772638.998714716173708],
            [4800134.711868989281356, 2772631.150621122214943],
            [4800128.862704686820507, 2772622.864652480464429],
            [4800099.575250689871609, 2772586.429105226881802],
            [4800048.544975072145462, 2772521.661956286989152],
            [4799912.618471897207201, 2772348.020582889206707],
            [4799887.958015679381788, 2772313.230958629399538],
            [4799881.411018225364387, 2772305.846207108814269],
            [4799874.60393977817148, 2772299.047583261504769],
            [4799864.272541732527316, 2772290.411651515867561],
            [4799851.886941746808589, 2772282.142330014612526],
            [4799842.144655874930322, 2772277.249364937655628],
            [4799832.568932496011257, 2772273.493728473316878],
            [4799823.713695364072919, 2772270.636059661861509],
            [4799811.468481023795903, 2772267.690025076735765],
            [4799798.181531917303801, 2772265.797788551077247],
            [4799723.412469831295311, 2772259.62527578137815],
            [4799662.963567961938679, 2772255.318345146719366],
            [4799647.143427749164402, 2772254.604956838302314],
            [4799625.702244397252798, 2772252.205755249597132],
            [4799608.555175812914968, 2772250.788326779846102],
            [4799464.597956953570247, 2772238.889268855564296],
            [4799455.296939224936068, 2772238.780417351983488],
            [4799456.81554442178458, 2772337.45561715355143],
            [4799456.833145245909691, 2772338.566318231634796],
            [4799456.90586706623435, 2772346.036324403248727],
            [4799457.035349503159523, 2772359.328965296968818],
            [4799458.063187849707901, 2772465.013833248522133],
            [4799458.243566888384521, 2772483.578773067332804],
            [4799457.787228567525744, 2772491.975934546906501],
            [4799455.496560798957944, 2772534.118494579568505],
            [4799454.746141157113016, 2772547.925084527116269],
            [4799453.043653955683112, 2772579.247795799747109],
            [4799451.289290893822908, 2772600.450245756655931],
            [4799449.402055400423706, 2772623.259840642102063],
            [4799444.219934459775686, 2772667.833664358593524],
            [4799444.118417350575328, 2772668.707781804725528],
            [4799443.889411253854632, 2772670.675904320552945],
            [4799443.829205852001905, 2772671.194133591838181],
            [4799434.828922114335001, 2772734.39206195762381],
            [4799433.518085339106619, 2772743.596066227648407],
            [4799425.981411579996347, 2772790.075818181037903],
            [4799416.942588975653052, 2772830.699419429525733],
            [4799415.553380105644464, 2772835.927109116688371],
            [4799400.894983200356364, 2772891.084527547005564],
            [4799396.508107229135931, 2772907.592345751356333],
            [4799389.230153580196202, 2772934.978114373981953],
            [4799384.738504554145038, 2772949.572269259486347],
            [4799376.357630096375942, 2772976.803667167201638],
            [4799374.638793176971376, 2772982.387906512245536],
            [4799373.236429574899375, 2772986.94444034434855],
            [4799365.266642906703055, 2773012.839807268697768],
            [4799350.380624243058264, 2773056.432098265737295],
            [4799311.447856322862208, 2773164.200675550848246],
            [4799307.76645103469491, 2773174.311161072924733],
            [4799272.029142254963517, 2773272.461101176217198],
            [4799264.094748927280307, 2773294.682393324561417],
            [4799255.555067484267056, 2773318.599430033005774],
            [4799253.631953785195947, 2773323.98577261948958],
            [4799250.538190484978259, 2773332.650225692428648],
            [4799222.531679678708315, 2773411.08737254422158],
            [4799197.549042675644159, 2773482.1125593110919],
            [4799148.540386088192463, 2773620.735963874030858],
            [4799118.735855747014284, 2773702.543834814801812],
            [4799062.988154775463045, 2773854.76245482172817],
            [4799057.198758143000305, 2773870.570574591401964],
            [4799054.420575588010252, 2773878.704764482099563],
            [4799031.268681275658309, 2773946.489407404791564],
            [4799029.843816308304667, 2773950.494188901036978],
            [4799006.876724870875478, 2774015.040512037463486],
            [4798966.351084855385125, 2774128.934101918712258],
            [4798962.073105202056468, 2774140.957000363618135],
            [4798913.716168940067291, 2774276.019120742101222],
            [4798901.039903724566102, 2774311.424720634706318],
            [4798877.132673157379031, 2774385.505668792873621],
            [4798873.697313487529755, 2774396.15041427500546],
            [4798872.605815911665559, 2774400.632655666209757],
            [4798872.353912017308176, 2774400.674896193202585],
            [4798868.615509769879282, 2774413.265232275240123],
            [4798854.960691004060209, 2774459.251775370910764],
            [4798848.023631067946553, 2774482.613913463894278],
            [4798847.783931775018573, 2774483.113674853462726],
            [4798838.952205357141793, 2774532.30996423587203],
            [4798836.977680427953601, 2774543.710660538636148],
            [4798835.236984961666167, 2774553.761906208470464],
            [4798832.709247867576778, 2774576.723106071352959],
            [4798832.364336278289557, 2774579.857065450400114],
            [4798830.899088292382658, 2774593.166961936280131],
            [4798827.826299897395074, 2774629.816912125330418],
            [4798824.892289091832936, 2774689.177151399664581],
            [4798825.339765498414636, 2774732.399162186309695],
            [4798827.683510824106634, 2774786.232539670541883],
            [4798829.518903899937868, 2774816.808297328650951],
            [4798834.742702828720212, 2774862.382074494380504],
            [4798839.313048521988094, 2774890.926535877864808],
            [4798857.711607987061143, 2774968.586580847389996],
            [4798867.054934396408498, 2775008.024316404014826],
            [4798893.131057539023459, 2775109.68288782145828],
            [4798901.777552193962038, 2775136.082764719612896],
            [4798960.048750947229564, 2775278.970033342950046],
            [4799021.034536237828434, 2775429.328847943339497],
            [4799022.302054410800338, 2775428.629589462187141],
            [4799022.415352674201131, 2775428.897170204669237],
            [4799028.662447770126164, 2775425.32391485478729],
            [4799030.718248275108635, 2775424.147958731278777],
            [4799263.660907343961298, 2775295.62452835496515],
            [4799335.457212351262569, 2775255.627753813751042],
            [4799351.29205384105444, 2775246.80648285895586],
            [4799423.512117811478674, 2775207.129914452787489],
            [4799714.55349297914654, 2775047.23671186203137],
            [4799803.919051178731024, 2774997.922164532355964],
            [4799947.634902141988277, 2774919.48965195287019],
            [4800017.613496954552829, 2774881.426143678836524],
            [4800113.531976453028619, 2774831.331254115328193],
            [4800139.290011022239923, 2774819.563131291419268],
            [4800128.450906429439783, 2774794.807672370225191],
            [4800104.175829582847655, 2774744.622340596280992],
            [4800101.300805503502488, 2774739.410960688721389],
            [4800110.439729600213468, 2774734.131379084661603],
            [4800131.431595645844936, 2774722.75217481656],
            [4800155.520624523051083, 2774710.389040097594261],
            [4800160.823962543159723, 2774707.849006889853626],
            [4800246.280223661102355, 2774666.921733761671931],
            [4800255.12835225276649, 2774661.749911036808044],
            [4800260.264079032465816, 2774658.14766329806298],
            [4800266.265981809236109, 2774653.614226348232478],
            [4800276.510570646263659, 2774642.861293854191899],
            [4800283.424707843922079, 2774635.254841601476073],
            [4800290.806160355918109, 2774628.101587489247322],
            [4800298.626040617935359, 2774621.430127653758973],
            [4800306.852499776519835, 2774615.26719635957852],
            [4800315.452910648658872, 2774609.637320937588811],
            [4800316.596482063643634, 2774608.813145280815661],
            [4800324.365147541277111, 2774603.883685993496329],
            [4800334.189108679071069, 2774598.684601587243378],
            [4800345.388450978323817, 2774594.16242363397032],
            [4800354.871120868250728, 2774591.351030150428414],
            [4800365.919572125189006, 2774589.498807535041124],
            [4800382.071708647534251, 2774584.968258367851377],
            [4800400.843765886500478, 2774579.611188954673707],
            [4800427.977565468288958, 2774571.695855307858437],
            [4800440.175527952611446, 2774568.252781637944281],
            [4800455.049247657880187, 2774564.648225607350469],
            [4800508.504549825564027, 2774549.404180644545704],
            [4800519.24855349957943, 2774546.78520577494055],
            [4800533.233607862144709, 2774543.342129624914378],
            [4800566.702274621464312, 2774533.436912714503706],
            [4800691.648264238610864, 2774498.651869124732912],
            [4800723.114958876743913, 2774490.588260361459106],
            [4800733.37299470603466, 2774489.348407131619751],
            [4800752.001747529953718, 2774489.717403132468462],
            [4800771.962464241310954, 2774490.776310600340366],
            [4800791.263827744871378, 2774491.31430189171806],
            [4800819.901451301760972, 2774493.36473165685311],
            [4800830.169428901746869, 2774493.599467726424336],
            [4800843.459918549284339, 2774493.903311300091445],
            [4800853.691044996492565, 2774493.91722400020808],
            [4800864.78459676168859, 2774493.944146013818681],
            [4800879.005932744592428, 2774493.76241983147338],
            [4800899.294578294269741, 2774493.4489616015926],
            [4800914.685735453851521, 2774493.075029309373349],
            [4800926.702679032459855, 2774493.241779339499772],
            [4800972.241348481737077, 2774490.676593884825706],
            [4801024.455053823068738, 2774489.500890322029591],
            [4801073.939932194538414, 2774487.376779690384865],
            [4801113.597550936043262, 2774484.437891529873013],
            [4801133.617345491424203, 2774482.528737122192979],
            [4801143.323447394184768, 2774480.68062197137624],
            [4801151.548766176216304, 2774479.219243380241096],
            [4801169.967087326571345, 2774476.514014283195138],
            [4801186.49522172473371, 2774473.596664167009294],
            [4801202.273646372370422, 2774470.786269499920309],
            [4801233.449021426960826, 2774463.676503852475435],
            [4801256.311553433537483, 2774457.269059041049331],
            [4801274.298748325556517, 2774450.470314890611917],
            [4801293.372104578651488, 2774441.932724629063159],
            [4801314.560248205438256, 2774431.58260021917522],
            [4801335.943971536122262, 2774420.511857832316309],
            [4801351.713687272742391, 2774412.76287805614993],
            [4801364.215238688513637, 2774406.774609765969217],
            [4801373.239676218479872, 2774425.489385009743273],
            [4801397.389562701806426, 2774475.296267482452095],
            [4801402.611950655467808, 2774486.551976952236146],
            [4801424.156692462041974, 2774531.740923654288054],
            [4801446.791433952748775, 2774579.296035554725677],
            [4801448.41901798825711, 2774585.287474004086107],
            [4801464.469774403609335, 2774619.161433231085539],
            [4801491.9064632775262, 2774677.252825950272381],
            [4801496.504066554829478, 2774686.521734869573265],
            [4801503.633783452212811, 2774702.094306606333703],
            [4801531.857473722659051, 2774762.648587435483932],
            [4801537.015873018652201, 2774774.987071317620575],
            [4801547.122940307483077, 2774796.911481118761003],
            [4801583.526591170579195, 2774870.238355534151196],
            [4801430.458338847383857, 2774942.798231177031994],
            [4801417.840917184017599, 2774950.110880883410573],
            [4801427.375148080289364, 2774954.357950282283127],
            [4801445.83883062005043, 2774963.816168649122119],
            [4801468.035551593638957, 2774974.157000029459596],
            [4801493.871291654184461, 2774986.435090926475823],
            [4801525.370351363904774, 2775002.430722806602716],
            [4801534.429726452566683, 2775007.649838181678206],
            [4801540.822996732778847, 2775014.237527275457978],
            [4801546.421471913345158, 2775019.602016175165772],
            [4801558.193515411578119, 2775030.654614597558975],
            [4801572.957698061130941, 2775042.870110363233835],
            [4801581.389688640832901, 2775050.464029159396887],
            [4801592.720880086533725, 2775059.893858642317355],
            [4801597.941625969484448, 2775064.532236512750387],
            [4801602.521352048031986, 2775068.136572604067624],
            [4801606.171884479932487, 2775070.766446474008262],
            [4801620.37707594409585, 2775082.996733251959085],
            [4801629.107128078117967, 2775093.015360984019935],
            [4801638.839118343777955, 2775105.39615121902898],
            [4801647.830346837639809, 2775116.83451340906322],
            [4801659.580644668079913, 2775131.957688418217003],
            [4801672.632604483515024, 2775149.722644370049238],
            [4801688.6272555552423, 2775170.718470441643149],
            [4801698.897932301275432, 2775184.039165389258415],
            [4801708.591572017408907, 2775196.229335479903966],
            [4801720.662162201479077, 2775211.319732283707708],
            [4801738.535764017142355, 2775235.634822603780776],
            [4801752.424523649737239, 2775254.66532091377303],
            [4801761.155385507270694, 2775266.943379678763449],
            [4801798.557789912447333, 2775248.912640548311174],
            [4801949.872553204186261, 2775179.25160058028996],
            [4801967.559787346981466, 2775169.89680063445121],
            [4801920.046221295371652, 2775131.364043510053307],
            [4801890.813781172037125, 2775108.979210659395903],
            [4801904.524660565890372, 2775101.278518432285637],
            [4801988.519459544681013, 2775062.348643109202385],
            [4802070.257126834243536, 2775024.840251609683037],
            [4802091.06353039573878, 2775015.234692704863846],
            [4802095.722467237152159, 2775023.262219862546772],
            [4802105.666409866884351, 2775037.392132304608822],
            [4802113.875730386003852, 2775050.524128105025738],
            [4802123.490281922742724, 2775067.786164885852486],
            [4802131.049461045302451, 2775084.160812929738313],
            [4802135.279855414293706, 2775094.78650987893343],
            [4802142.952387739904225, 2775115.712688954547048],
            [4802163.203204082325101, 2775173.454899551346898],
            [4802165.05390645749867, 2775180.072111355606467],
            [4802192.729582158848643, 2775268.166011976543814],
            [4802200.423208981752396, 2775294.295607693959028],
            [4802216.260550962761045, 2775347.640428485814482],
            [4802218.294121135026217, 2775355.197809210512787],
            [4802225.575548660010099, 2775364.435748528223485],
            [4802242.095080378465354, 2775381.863109854981303],
            [4802261.987549744546413, 2775402.646949428599328],
            [4802279.770355092361569, 2775421.095217902678996],
            [4802295.364234535954893, 2775437.052802852820605],
            [4802286.257381340488791, 2775438.891136080026627],
            [4802271.179176338948309, 2775442.731560142710805],
            [4802254.581457627005875, 2775447.557494336273521],
            [4802246.518360057845712, 2775450.784195472486317],
            [4802239.095650500617921, 2775453.967996249906719],
            [4802253.291799373924732, 2775470.090255229733884],
            [4802265.057046244852245, 2775483.741205573547632],
            [4802274.731607881374657, 2775494.88550619687885],
            [4802283.017670063301921, 2775505.319299439899623],
            [4802289.454358250834048, 2775514.27295290492475],
            [4802293.642130783759058, 2775520.260114684235305],
            [4802316.23365003336221, 2775568.011190554592758],
            [4802325.505490084178746, 2775587.609258340205997],
            [4802334.996290999464691, 2775609.420738266780972],
            [4802370.947489211335778, 2775678.827699776738882],
            [4802409.150543265976012, 2775744.492159123066813],
            [4802437.898806731216609, 2775794.732686749659479],
            [4802446.335460456088185, 2775810.281106486450881],
            [4802450.709883860312402, 2775822.406541981734335],
            [4802458.218872984871268, 2775842.442108454648405],
            [4802464.631839056499302, 2775862.002262838184834],
            [4802470.376853032968938, 2775877.217487808782607],
            [4802419.133613015525043, 2775889.662526696920395],
            [4802345.126413037069142, 2775909.403938244562596],
            [4802304.158123482950032, 2775920.385509657673538],
            [4802273.015934347175062, 2775927.967436295934021],
            [4802217.500196427106857, 2775941.753553382121027],
            [4802234.61468140501529, 2776005.670777008403093],
            [4802236.589627624489367, 2776012.153431284241378],
            [4802237.53722236957401, 2776015.801222030073404],
            [4802246.70844445656985, 2776052.203010301105678],
            [4802249.854353534057736, 2776059.397483128122985],
            [4802264.081949755549431, 2776080.164290067739785],
            [4802267.672659141942859, 2776084.691494951955974],
            [4802279.755260072648525, 2776099.347238470800221],
            [4802314.661048495210707, 2776148.062352117616683],
            [4802355.98467764724046, 2776203.243817361537367],
            [4802361.62617476657033, 2776211.028659784700722],
            [4802366.047633438371122, 2776216.903491587378085],
            [4802372.817066414281726, 2776224.897932443302125],
            [4802400.755551885813475, 2776257.892504871822894],
            [4802413.255614373832941, 2776270.20175486523658],
            [4802421.197516028769314, 2776267.943495563231409],
            [4802446.89751639124006, 2776260.341985563747585],
            [4802483.379268220625818, 2776250.670907066203654],
            [4802536.477447143755853, 2776236.532845681067556],
            [4802542.702846884727478, 2776235.051307175308466],
            [4802543.908260961994529, 2776239.138987357262522],
            [4802545.454396521672606, 2776242.462482318282127],
            [4802548.100017739459872, 2776244.70216672308743],
            [4802551.15480278711766, 2776246.657288593240082],
            [4802599.934056303463876, 2776232.348336899187416],
            [4802656.158404593355954, 2776294.245294343680143],
            [4802664.996327137574553, 2776302.798130411654711],
            [4802683.807098838500679, 2776319.68110882025212],
            [4802684.465040479786694, 2776320.23347811261192],
            [4802715.659825086593628, 2776346.424435098655522],
            [4802756.008780190721154, 2776378.697515252046287],
            [4802749.430053287185729, 2776388.671052561141551],
            [4802730.670703288167715, 2776417.110075368545949],
            [4802735.330778051167727, 2776417.749009945429862],
            [4802864.04815377201885, 2776459.803519706241786],
            [4802885.428674397058785, 2776466.789088393561542],
            [4802946.411333112977445, 2776521.001395167782903],
            [4803087.51722855027765, 2776646.441441737115383],
            [4803111.261951040476561, 2776667.345612636301666],
            [4803130.401699875481427, 2776690.844988282304257],
            [4803150.054069880396128, 2776734.252914296928793],
            [4803152.62479405850172, 2776737.875685333274305],
            [4803155.667821678332984, 2776744.55418678605929],
            [4803157.719551439397037, 2776750.379324896726757],
            [4803160.792269989848137, 2776756.908915797714144],
            [4803161.302215546369553, 2776758.304592042695731],
            [4803180.331121559254825, 2776795.787010011728853],
            [4803202.497938566841185, 2776829.725549287162721],
            [4803267.459319468587637, 2776882.812606046907604],
            [4803273.535392133519053, 2776889.671584914438426],
            [4803280.776560658589005, 2776899.1095030317083],
            [4803287.74824588932097, 2776911.422168464399874],
            [4803293.594902710057795, 2776927.764551452361047],
            [4803304.109821209684014, 2776961.528491476085037],
            [4803308.538972618058324, 2776977.428448922000825],
            [4803318.883039708249271, 2777003.676869088318199],
            [4803329.563263541087508, 2777025.896337429527193],
            [4803334.035206811502576, 2777034.27263455837965],
            [4803337.038747243583202, 2777039.898646230809391],
            [4803345.239648895338178, 2777062.664147933479398],
            [4803358.146227519959211, 2777100.868591004982591],
            [4803389.916126120835543, 2777194.910353261977434],
            [4803390.48608344886452, 2777193.752567658666521],
            [4803394.659598702564836, 2777184.205093625001609],
            [4803395.656070020981133, 2777174.147921608760953],
            [4803399.300648482516408, 2777164.603629023768008],
            [4803405.067574486136436, 2777156.104399009142071],
            [4803411.363444954156876, 2777147.601880145259202],
            [4803418.194838132709265, 2777140.153964850120246],
            [4803425.022945996373892, 2777132.177160796243697],
            [4803431.31882668286562, 2777123.674647450447083],
            [4803438.682350980117917, 2777116.75244999723509],
            [4803444.981527192518115, 2777108.778941635042429],
            [4803449.979932365939021, 2777101.605125687085092],
            [4803451.274238580837846, 2777099.747431911062449],
            [4803458.105542083270848, 2777092.299528859555721],
            [4803464.40461890026927, 2777084.326026504859328],
            [4803471.236038668081164, 2777076.878237169701606],
            [4803479.13181325700134, 2777070.481874548364431],
            [4803486.495469026267529, 2777063.559690931811929],
            [4803493.859018648974597, 2777056.63751015253365],
            [4803501.21939424239099, 2777049.186550973448902],
            [4803509.111893560737371, 2777042.261196625884622],
            [4803515.943332375958562, 2777034.813419820740819],
            [4803523.30360803194344, 2777027.362357366830111],
            [4803531.199404327198863, 2777020.966011011041701],
            [4803541.246804737485945, 2777020.375527944415808],
            [4803551.284453839063644, 2777018.198044513352215],
            [4803555.458043118938804, 2777008.65049243811518],
            [4803560.692590556107461, 2776999.62547895591706],
            [4803563.808298195712268, 2776990.084393419325352],
            [4803568.513907349668443, 2776981.062559041194618],
            [4803573.745395928621292, 2776971.508546876721084],
            [4803580.573469334281981, 2776963.531788368243724],
            [4803586.340480852872133, 2776955.032493863720447],
            [4803592.107386337593198, 2776946.533201556652784],
            [4803597.871009199880064, 2776937.50490997498855],
            [4803605.234720407985151, 2776930.582762385718524],
            [4803614.727137079462409, 2776925.76369636785239],
            [4803621.555339089594781, 2776917.786838494706899],
            [4803630.081103448756039, 2776915.48731357883662],
            [4803632.318549859337509, 2776909.628116174601018],
            [4803639.682055873796344, 2776902.705979912541807],
            [4803645.445809504017234, 2776893.677699602674693],
            [4803652.277092298492789, 2776886.229852518998086],
            [4803658.576258507557213, 2776878.25640235748142],
            [4803666.472116152755916, 2776871.859988562762737],
            [4803675.435611637309194, 2776867.044119423255324],
            [4803683.331365733407438, 2776860.647711341734976],
            [4803690.159489825367928, 2776852.670984148047864],
            [4803694.865266290493309, 2776843.649176699109375],
            [4803704.364176385104656, 2776839.887923575472087],
            [4803713.860023753717542, 2776835.597782334312797],
            [4803719.626766509376466, 2776827.098523017950356],
            [4803724.861501728184521, 2776818.073547929059714],
            [4803733.818453320302069, 2776812.19980834890157],
            [4803743.317485010251403, 2776808.438568107783794],
            [4803752.271267622709274, 2776802.035722930449992],
            [4803761.228227113373578, 2776796.161881804466248],
            [4803769.124014689587057, 2776789.765610648319125],
            [4803774.887716240249574, 2776780.737363234162331],
            [4803783.851249357685447, 2776775.921419973485172],
            [4803790.679305787198246, 2776767.944610934704542],
            [4803797.507366307079792, 2776759.967914456501603],
            [4803805.932333247736096, 2776753.568149253260344],
            [4803814.889206111431122, 2776747.694437856785953],
            [4803824.391434963792562, 2776744.462116009555757],
            [4803832.287137996405363, 2776738.065975467674434],
            [4803836.460743132978678, 2776728.518369601108134],
            [4803838.514953657053411, 2776718.454895933158696],
            [4803842.68867386970669, 2776708.907401578035206],
            [4803850.052050489932299, 2776701.98532903008163],
            [4803859.547952403314412, 2776697.695129224099219],
            [4803869.046809514053166, 2776693.933934612199664],
            [4803878.006989637389779, 2776688.589245125185698],
            [4803884.306138704530895, 2776680.61552304867655],
            [4803891.137521042488515, 2776673.167853048536927],
            [4803896.372439483180642, 2776664.14280641078949],
            [4803902.668210095725954, 2776655.640311281196773],
            [4803912.163803147152066, 2776651.350132051855326],
            [4803920.588601396419108, 2776644.950516660697758],
            [4803926.884491322562099, 2776636.448027209378779],
            [4803932.651544949971139, 2776627.948708914685994],
            [4803940.014958397485316, 2776621.026662851218134],
            [4803948.439770389348269, 2776614.627167429309338],
            [4803955.271180791780353, 2776607.179405028466135],
            [4803962.634822087362409, 2776600.257364336401224],
            [4803963.378399480134249, 2776599.554700435139239],
            [4803970.524136375635862, 2776592.803046115208417],
            [4803970.520748254843056, 2776592.274046981707215],
            [4803978.948961248621345, 2776586.403560746461153],
            [4803985.78016603924334, 2776578.955808190163225],
            [4803991.547136684879661, 2776570.456505246460438],
            [4803998.378456440754235, 2776563.008645142428577],
            [4804006.274344286881387, 2776556.612337796017528],
            [4804010.980147652328014, 2776547.59059863910079],
            [4804018.340427003800869, 2776540.139575715642422],
            [4804024.63975044619292, 2776532.166001239325851],
            [4804031.467699774540961, 2776524.189262280240655],
            [4804036.765586315654218, 2776522.091547012794763],
            [4804040.966621496714652, 2776520.428018498700112],
            [4804047.265736526809633, 2776512.454561830498278],
            [4804050.254654927179217, 2776507.301393268629909],
            [4804052.500508675351739, 2776503.429553245659918],
            [4804059.331966032274067, 2776495.981709918938577],
            [4804065.098754107952118, 2776487.482537593692541],
            [4804070.333535207435489, 2776478.457422826439142],
            [4804078.222795249894261, 2776471.003250887617469],
            [4804085.050988919101655, 2776463.026415606960654],
            [4804091.350126711651683, 2776455.052971150260419],
            [4804097.642823422327638, 2776446.021418331190944],
            [4804104.474085217341781, 2776438.573589523788542],
            [4804110.241114184260368, 2776430.074317014310509],
            [4804116.540155783295631, 2776422.100880193989724],
            [4804124.968327877111733, 2776416.230333332903683],
            [4804132.863947995938361, 2776409.834068581461906],
            [4804139.692169056273997, 2776401.857359705958515],
            [4804146.520392222329974, 2776393.880431662779301],
            [4804148.594349964521825, 2776392.643224569503218],
            [4804155.480585699900985, 2776388.535729381721467],
            [4804162.844099828973413, 2776381.613639872055501],
            [4804164.895281394943595, 2776371.021208248566836],
            [4804164.892006249167025, 2776370.492209005635232],
            [4804167.475416900590062, 2776360.425500898621976],
            [4804176.974398465827107, 2776356.664306957274675],
            [4804186.473272585310042, 2776352.903116786386818],
            [4804196.510924407280982, 2776350.725651568267494],
            [4804204.935635092668235, 2776344.326132903341204],
            [4804214.434515571221709, 2776340.565062524750829],
            [4804223.936671956442297, 2776337.332994337193668],
            [4804229.703750124201179, 2776328.833640560973436],
            [4804237.067183527164161, 2776321.911573262419552],
            [4804245.495182490907609, 2776316.041066602803767],
            [4804251.262161736376584, 2776307.541829442605376],
            [4804258.093596047721803, 2776300.093932191375643],
            [4804260.676934148184955, 2776290.02723793964833],
            [4804265.911587040871382, 2776281.00228094542399],
            [4804266.078202630393207, 2776280.621107606682926],
            [4804266.091674119234085, 2776280.590285567566752],
            [4804270.085172740742564, 2776271.454874165356159],
            [4804275.85205758549273, 2776262.955533890984952],
            [4804284.273642251268029, 2776256.027042446192354],
            [4804292.169439704157412, 2776249.630716554354876],
            [4804301.129583982750773, 2776244.285954697988927],
            [4804309.557613401673734, 2776238.415359213016927],
            [4804316.918030495755374, 2776230.96431601094082],
            [4804324.813949811272323, 2776224.568109983578324],
            [4804331.641928986646235, 2776216.591346938163042],
            [4804337.93790409527719, 2776208.088858784176409],
            [4804344.769271826371551, 2776200.641208282671869],
            [4804353.19393759034574, 2776194.241407971363515],
            [4804362.683061423711479, 2776188.893615592736751],
            [4804370.578998083248734, 2776182.497202628292143],
            [4804379.003783641383052, 2776176.097631064243615],
            [4804385.831895519047976, 2776168.120882594957948],
            [4804388.464677878655493, 2776167.889624913223088],
            [4804392.090554763562977, 2776160.938302305527031],
            [4804399.983342813327909, 2776154.01300984621048],
            [4804408.946688693016768, 2776149.197062802501023],
            [4804416.842535531148314, 2776142.800885897129774],
            [4804424.735005126334727, 2776135.875602952670306],
            [4804431.986251096241176, 2776130.001463779713959],
            [4804432.092253833077848, 2776129.915572664234787],
            [4804432.630856750532985, 2776129.479209750890732],
            [4804441.055558623746037, 2776123.079769670031965],
            [4804449.480372234247625, 2776116.680221074726433],
            [4804456.311783453449607, 2776109.232490713242441],
            [4804464.739763760007918, 2776103.361946209333837],
            [4804471.038846311159432, 2776095.388382281176746],
            [4804477.338151200674474, 2776087.414929358288646],
            [4804484.698530816473067, 2776079.963936624582857],
            [4804492.594298532232642, 2776073.567673313431442],
            [4804501.022293412126601, 2776067.697030173614621],
            [4804509.450183215551078, 2776061.826611518394202],
            [4804519.478126319125295, 2776058.062157813459635],
            [4804528.967311955057085, 2776052.714314023964107],
            [4804537.927651485428214, 2776047.369410437531769],
            [4804545.823327193036675, 2776040.973163626622409],
            [4804555.318946623243392, 2776036.683104855939746],
            [4804563.746960709802806, 2776030.812481277156621],
            [4804572.168552923947573, 2776023.8840845907107],
            [4804579.528966687619686, 2776016.433008548337966],
            [4804585.295761236920953, 2776007.933855785056949],
            [4804593.717362485826015, 2776001.005245230626315],
            [4804601.077677795663476, 2775993.554286950267851],
            [4804608.434838762506843, 2775985.574332205578685],
            [4804615.798427753150463, 2775978.652376396115869],
            [4804622.626528641209006, 2775970.675583962351084],
            [4804627.332270593382418, 2775961.653868182562292],
            [4804632.038015444763005, 2775952.632153537590057],
            [4804634.621399358846247, 2775942.565403492189944],
            [4804634.618242849595845, 2775942.036515456158668],
            [4804640.904334611259401, 2775931.947115241549909],
            [4804646.671270510181785, 2775923.447867361828685],
            [4804652.438208945095539, 2775914.948510432150215],
            [4804659.269600002095103, 2775907.500837923958898],
            [4804666.097727772779763, 2775899.524058914743364],
            [4804672.929125283844769, 2775892.07639031810686],
            [4804680.824864595197141, 2775885.68018674524501],
            [4804687.656267719343305, 2775878.232411693315953],
            [4804694.487673997879028, 2775870.784638597164303],
            [4804701.851198688149452, 2775863.862710222601891],
            [4804709.747058825567365, 2775857.466404472012073],
            [4804716.578365261666477, 2775850.018638201057911],
            [4804723.941898564808071, 2775843.096605780534446],
            [4804730.773429781198502, 2775835.648842215538025],
            [4804738.669192915782332, 2775829.252546165138483],
            [4804747.632561114616692, 2775824.436715360730886],
            [4804754.996107157319784, 2775817.514802550431341],
            [4804761.827650700695813, 2775810.0670475368388],
            [4804769.723317100666463, 2775803.670872231945395],
            [4804776.554757000878453, 2775796.22301141358912],
            [4804782.853758913464844, 2775788.249531583860517],
            [4804791.281876977533102, 2775782.379205151926726],
            [4804799.709886663593352, 2775776.508550299331546],
            [4804807.073453626595438, 2775769.586542263161391],
            [4804820.242753624916077, 2775760.513082603923976],
            [4804830.235145152546465, 2775750.93010376021266],
            [4804836.530905741266906, 2775742.427529933396727],
            [4804842.278462721966207, 2775730.754345796070993],
            [4804844.868353243917227, 2775721.745622058399022],
            [4804860.114819524809718, 2775706.311601058579981],
            [4804869.075084091164172, 2775700.966814020648599],
            [4804875.370975245721638, 2775692.464360948652029],
            [4804881.670131579041481, 2775684.490906921215355],
            [4804882.718269384466112, 2775682.89749999390915],
            [4804890.097963319160044, 2775678.62028351938352],
            [4804899.593833141028881, 2775674.330238004215062],
            [4804904.828553454950452, 2775665.305320627987385],
            [4804910.063276940956712, 2775656.280404592864215],
            [4804916.894563208334148, 2775648.832806054502726],
            [4804925.322737767361104, 2775642.962192334234715],
            [4804933.747436575591564, 2775636.562696017790586],
            [4804941.110953494906425, 2775629.640618215780705],
            [4804949.006805864162743, 2775623.244387996848673],
            [4804955.834846804849803, 2775615.267692565917969],
            [4804963.730706065893173, 2775608.871577527374029],
            [4804972.155420646071434, 2775602.47209379542619],
            [4804979.518953149206936, 2775595.550027261022478],
            [4804987.411561072804034, 2775588.624811925459653],
            [4804995.839654025621712, 2775582.754332222044468],
            [4805004.267639920115471, 2775576.883745266590267],
            [4805013.23100133985281, 2775572.068005601409823],
            [4805022.18784680776298, 2775566.19427502155304],
            [4805030.08383843768388, 2775559.79806885169819],
            [4805039.04394808690995, 2775554.453230204991996],
            [4805045.875393010675907, 2775547.005555783398449],
            [4805053.771065199747682, 2775540.609248226974159],
            [4805061.134847204200923, 2775533.687314487062395],
            [4805069.027377031743526, 2775526.762124799191952],
            [4805077.987501887604594, 2775521.41740992013365],
            [4805084.81885193567723, 2775513.969525745604187],
            [4805093.779091761447489, 2775508.624815529212356],
            [4805102.207003807649016, 2775502.754371037706733],
            [4805110.635245772078633, 2775496.883816679473966],
            [4805118.530832537449896, 2775490.487529482226819],
            [4805128.029818846844137, 2775486.726561919786036],
            [4805129.081231851130724, 2775485.662051982712001],
            [4805136.454484147951007, 2775480.327021003235132],
            [4805145.418106373399496, 2775475.511323720216751],
            [4805154.371850772760808, 2775469.108529760502279],
            [4805160.138679198920727, 2775460.609410510864109],
            [4805164.844434511847794, 2775451.58770039351657],
            [4805172.208039284683764, 2775444.665579001419246],
            [4805181.171348730102181, 2775439.850006497465074],
            [4805190.131730200722814, 2775434.505106749013066],
            [4805198.024309645406902, 2775427.579956623259932],
            [4805206.449002828449011, 2775421.180438489187509],
            [4805213.812624095007777, 2775414.258550188969821],
            [4805222.769653053954244, 2775408.384776269085705],
            [4805231.73297783266753, 2775403.569109858945012],
            [4805239.093351588584483, 2775396.118011318147182],
            [4805245.921400708146393, 2775388.141396703664213],
            [4805255.407407654449344, 2775382.264488212298602],
            [4805261.706607046537101, 2775374.291022840887308],
            [4805268.005700385197997, 2775366.317559844814241],
            [4805275.898311424069107, 2775359.392323367297649],
            [4805283.258705881424248, 2775351.941348669584841],
            [4805291.686579695902765, 2775346.070965835824609],
            [4805300.646784642711282, 2775340.726215375587344],
            [4805308.010441986843944, 2775333.804133420344442],
            [4805312.716150083579123, 2775324.782565753906965],
            [4805319.547484792768955, 2775317.334746935870498],
            [4805320.60227361228317, 2775316.799461688380688],
            [4805326.89824790135026, 2775308.296906996984035],
            [4805334.261809685267508, 2775301.374944317620248],
            [4805343.74763754568994, 2775295.49806947261095],
            [4805348.453470517881215, 2775286.476398333907127],
            [4805354.220382552593946, 2775277.977106035221368],
            [4805360.519518641754985, 2775270.003778329119086],
            [4805366.818657270632684, 2775262.030341781210154],
            [4805372.585688823834062, 2775253.531164187937975],
            [4805378.884833849035203, 2775245.557731005828828],
            [4805379.355760883539915, 2775244.961338727269322],
            [4805385.183982076123357, 2775237.584299550391734],
            [4805391.483132841065526, 2775229.610759251751006],
            [4805398.557776091620326, 2775224.971468786243349],
            [4805400.440132518298924, 2775223.737048176117241],
            [4805408.864807279780507, 2775217.337708598468453],
            [4805417.825064183212817, 2775211.99288858147338],
            [4805424.653305269777775, 2775204.016213778406382],
            [4805433.610207941383123, 2775198.142514547798783],
            [4805442.573616333305836, 2775193.326809806283563],
            [4805452.075747100636363, 2775190.09462160570547],
            [4805461.03601798042655, 2775184.749926351010799],
            [4805470.531542617827654, 2775180.459974633529782],
            [4805479.494958749040961, 2775175.644060502760112],
            [4805488.987455688416958, 2775170.825118029490113],
            [4805498.47984584979713, 2775166.006179401651025],
            [4805498.985782938078046, 2775165.454477023798972],
            [4805500.053858137689531, 2775163.880552256479859],
            [4805505.820941993966699, 2775155.381406786385924],
            [4805514.780901940539479, 2775150.036731160711497],
            [4805524.280018892139196, 2775146.275680818594992],
            [4805533.243342125788331, 2775141.45989543478936],
            [4805542.74213523697108, 2775137.698853134177625],
            [4805552.237899200059474, 2775133.40881717344746],
            [4805561.194839803501964, 2775127.535049132071435],
            [4805570.690499231219292, 2775123.245020036585629],
            [4805579.650585769675672, 2775117.900364652276039],
            [4805588.610892815515399, 2775112.555600329302251],
            [4805593.316603755578399, 2775103.53398140380159],
            [4805594.313146180473268, 2775093.476899726316333],
            [4805599.547831202857196, 2775084.45203267596662],
            [4805606.9082504324615, 2775077.001153882592916],
            [4805615.326502216048539, 2775069.543779071420431],
            [4805622.157849162817001, 2775062.096044348552823],
            [4805628.985951267182827, 2775054.11931631481275],
            [4805635.284979317337275, 2775046.146061104722321],
            [4805642.648661859333515, 2775039.223967211320996],
            [4805647.883370124734938, 2775030.199111635331064],
            [4805654.71484362334013, 2775022.751606838312],
            [4805659.420587633736432, 2775013.729892210103571],
            [4805691.031355584040284, 2775008.370118433143944],
            [4805711.208253255113959, 2775004.949307674542069],
            [4805721.261930339038372, 2775005.416708209551871],
            [4805727.028880877420306, 2774996.917506614234298],
            [4805733.328051637858152, 2774988.944164784625173],
            [4805740.15933267492801, 2774981.496573106385767],
            [4805744.865215284749866, 2774972.474874957464635],
            [4805749.570992205291986, 2774963.453289169352502],
            [4805755.870065643452108, 2774955.479843780398369],
            [4805765.372176111675799, 2774952.247763250023127],
            [4805773.800229575484991, 2774946.377314454875886],
            [4805782.228067399002612, 2774940.506869623437524],
            [4805789.591694484464824, 2774933.584929019678384],
            [4805795.890893275849521, 2774925.611603833734989],
            [4805801.657768662087619, 2774917.11231109732762],
            [4805806.89265099260956, 2774908.087490898091346],
            [4805811.06623899936676, 2774898.540058986283839],
            [4805817.362096093595028, 2774890.037635295186192],
            [4805822.596987925469875, 2774881.012819111347198],
            [4805829.428202946670353, 2774873.565143324434757],
            [4805836.791745801456273, 2774866.643107608892024],
            [4805841.497456739656627, 2774857.6215426097624],
            [4805844.613118607550859, 2774848.080608299933374],
            [4805847.728782710619271, 2774838.539674626197666],
            [4805853.492555972188711, 2774829.511621844954789],
            [4805853.751672844402492, 2774829.064781530294567],
            [4805858.72725014667958, 2774820.48670555697754],
            [4805865.026270166039467, 2774812.513180401176214],
            [4805871.325622427277267, 2774804.539876183029264],
            [4805878.156974987126887, 2774797.092214493080974],
            [4805883.391681991517544, 2774788.067304201424122],
            [4805888.09417652245611, 2774778.5167555664666],
            [4805894.393431706354022, 2774770.543347925879061],
            [4805899.628148232586682, 2774761.518441740423441],
            [4805904.334004230797291, 2774752.496890774928033],
            [4805909.568726957775652, 2774743.471987157594413],
            [4805915.332317471504211, 2774734.443841790780425],
            [4805916.389475187286735, 2774735.595129319000989],
            [4805917.890226054005325, 2774733.007851638831198],
            [4805925.782686313614249, 2774726.082711960654706],
            [4805930.48844507522881, 2774717.060946364887059],
            [4805936.787614324130118, 2774709.087551289703697],
            [4805944.151328628882766, 2774702.165659684687853],
            [4805951.514826866798103, 2774695.243660964071751],
            [4805958.346331129781902, 2774687.79602227313444],
            [4805965.171137563884258, 2774679.290508748963475],
            [4805972.531404641456902, 2774671.839632628019899],
            [4805979.35945828910917, 2774663.862896366976202],
            [4805981.413995528593659, 2774653.799586677923799],
            [4805986.119782037101686, 2774644.77783349622041],
            [4805992.418980586342514, 2774636.804564341902733],
            [4805998.715050024911761, 2774628.302191470749676],
            [4806006.610683972015977, 2774621.905962616670877],
            [4806013.438757858239114, 2774613.929347205441445],
            [4806021.331266804598272, 2774607.00412813667208],
            [4806029.227129260078073, 2774600.608015586622059],
            [4806036.590668115764856, 2774593.685932231135666],
            [4806041.82545786164701, 2774584.661281457170844],
            [4806047.592356280423701, 2774576.162164407782257],
            [4806053.359366495162249, 2774567.662937664892524],
            [4806059.658597273752093, 2774559.689686697907746],
            [4806066.486697777174413, 2774551.713086703326553],
            [4806068.968392964452505, 2774549.007223497144878],
            [4806068.98511044960469, 2774548.989100085571408],
            [4806073.318040514364839, 2774544.265372136142105],
            [4806081.210579008795321, 2774537.340172389056534],
            [4806088.035559649579227, 2774528.834583920426667],
            [4806093.799242564477026, 2774519.80659532174468],
            [4806098.505082822404802, 2774510.784866878762841],
            [4806102.678601363673806, 2774501.237496967427433],
            [4806109.509854950942099, 2774493.789904331788421],
            [4806114.215814009308815, 2774484.768289477564394],
            [4806120.51161933131516, 2774476.265952261164784],
            [4806127.342991116456687, 2774468.818253684788942],
            [4806133.639021030627191, 2774460.315808212384582],
            [4806139.405967932194471, 2774451.816715127788484],
            [4806145.705134055577219, 2774443.843378095887601],
            [4806152.004411959089339, 2774435.869931579567492],
            [4806159.367907165549695, 2774428.948108170181513],
            [4806166.199188882485032, 2774421.500421482138336],
            [4806173.562799549661577, 2774414.578601645305753],
            [4806173.030583001673222, 2774414.052736085373908],
            [4806180.390959419310093, 2774406.601924592629075],
            [4806187.222359954379499, 2774399.154243213124573],
            [4806194.053655052557588, 2774391.706675004214048],
            [4806199.817393945530057, 2774382.678603581152856],
            [4806203.990962483920157, 2774373.131254494190216],
            [4806210.290050727315247, 2774365.157825164031237],
            [4806214.995949698612094, 2774356.136122796218842],
            [4806220.466715237125754, 2774350.993565416894853],
            [4806220.532773391343653, 2774350.931471480987966],
            [4806222.359475986100733, 2774349.214208183810115],
            [4806228.658684904687107, 2774341.241115003824234],
            [4806232.30328833591193, 2774331.696898974478245],
            [4806232.609810035675764, 2774329.675682763569057],
            [4806232.620953060686588, 2774329.601639152038842],
            [4806233.522645064629614, 2774323.656305806245655],
            [4806233.525584399700165, 2774323.636052368208766],
            [4806233.828848402015865, 2774321.636639633681625],
            [4806236.944367930293083, 2774312.095773554872721],
            [4806240.588978949934244, 2774302.551670073997229],
            [4806244.233701747842133, 2774293.007566746324301],
            [4806248.407298121601343, 2774283.460227646864951],
            [4806254.70329009462148, 2774274.957817535847425],
            [4806260.999067011289299, 2774266.455410474445671],
            [4806265.704888899810612, 2774257.433831557631493],
            [4806272.000782357528806, 2774248.931537609547377],
            [4806277.76457220967859, 2774239.903487968724221],
            [4806284.596032668836415, 2774232.45583654474467],
            [4806290.895170783624053, 2774224.482430690899491],
            [4806296.129880202002823, 2774215.457622899208218],
            [4806302.429133968427777, 2774207.484219648875296],
            [4806308.195956804789603, 2774198.985172673128545],
            [4806313.430784388445318, 2774189.960257947444916],
            [4806318.665615784004331, 2774180.935455138795078],
            [4806326.025862066075206, 2774173.484581497032195],
            [4806331.792807059362531, 2774164.985540096648037],
            [4806338.620953013189137, 2774157.008912032935768],
            [4806345.981427886523306, 2774149.558043240569532],
            [4806353.344921516254544, 2774142.636171171907336],
            [4806358.579663359560072, 2774133.611378538422287],
            [4806363.285643635317683, 2774124.58971032127738],
            [4806363.224097208119929, 2774114.539282737765461],
            [4806362.795352883636951, 2774105.894720038864762],
            [4806362.620852307416499, 2774102.376116092316806],
            [4806363.152850370854139, 2774102.901875664945692],
            [4806364.127275091595948, 2774098.129259839653969],
            [4806379.790464382618666, 2774083.060863804072142],
            [4806387.715437980368733, 2774075.437046314589679],
            [4806397.899168068543077, 2774065.639944496564567],
            [4806401.006198980845511, 2774064.583256347570568],
            [4806411.569485463202, 2774061.873610313050449],
            [4806420.526429169811308, 2774056.00004306063056],
            [4806430.025397725403309, 2774052.23910588119179],
            [4806431.101137734018266, 2774051.597475812770426],
            [4806432.871463872492313, 2774050.541274112183601],
            [4806438.985359292477369, 2774046.894317753612995],
            [4806446.349005745723844, 2774039.972583611961454],
            [4806448.400470811873674, 2774038.310738366097212],
            [4806448.47669218108058, 2774038.248916817829013],
            [4806454.244760531000793, 2774033.576390827074647],
            [4806455.029653313569725, 2774034.097894444596022],
            [4806455.040183009579778, 2774034.104909370653331],
            [4806455.609987633302808, 2774034.483597686048597],
            [4806455.835053170099854, 2774034.09568339958787],
            [4806456.288319183513522, 2774033.314196774736047],
            [4806456.300648914650083, 2774033.293003316037357],
            [4806461.06984225101769, 2774025.070804280694574],
            [4806465.775541838258505, 2774016.049270738381892],
            [4806470.865118274465203, 2774010.50054148491472],
            [4806472.606875308789313, 2774008.601674783974886],
            [4806479.970536280423403, 2774001.679729661438614],
            [4806486.798645338043571, 2773993.703255435917526],
            [4806492.565447043627501, 2773985.2040348588489],
            [4806501.525765215046704, 2773979.859487716574222],
            [4806511.553636794909835, 2773976.095126389525831],
            [4806518.913864405825734, 2773968.644311687909067],
            [4806521.497407023794949, 2773958.577731559053063],
            [4806527.261213012039661, 2773949.549636189825833],
            [4806534.62479027826339, 2773942.62781868968159],
            [4806541.988261371850967, 2773935.706004010047764],
            [4806546.694106889888644, 2773926.684376835823059],
            [4806551.393385838717222, 2773916.604766102042049],
            [4806556.099346592091024, 2773907.583140570670366],
            [4806563.995046744123101, 2773901.187204861547798],
            [4806571.358642341569066, 2773894.265288152731955],
            [4806577.657810751348734, 2773886.291960761882365],
            [4806583.424766220152378, 2773877.79276271443814],
            [4806590.788262040354311, 2773870.870852574706078],
            [4806599.216301604174078, 2773865.000578626058996],
            [4806604.983158116228878, 2773856.501497158780694],
            [4806609.68914377130568, 2773847.479883302934468],
            [4806615.988331193104386, 2773839.506566365715116],
            [4806620.690766334533691, 2773829.955964498221874],
            [4806628.583377107977867, 2773823.030835286714137],
            [4806635.94700429122895, 2773816.108938293997198],
            [4806642.24620458856225, 2773808.135628493502736],
            [4806650.141944706439972, 2773801.73960970621556],
            [4806652.219047002494335, 2773795.379004921298474],
            [4806653.786640349775553, 2773792.195472887717187],
            [4806659.553525415249169, 2773783.696405606344342],
            [4806665.852738263085485, 2773775.723102367948741],
            [4806671.619738325476646, 2773767.223927017301321],
            [4806681.105574834160507, 2773761.347113541327417],
            [4806690.068990253843367, 2773756.531405434943736],
            [4806698.497075592167675, 2773750.661054210737348],
            [4806705.860515280626714, 2773743.739179357420653],
            [4806711.624305193312466, 2773734.711132052820176],
            [4806716.326895348727703, 2773725.160550573840737],
            [4806724.22255979757756, 2773718.76444539707154],
            [4806733.724660465493798, 2773715.532500564586371],
            [4806743.762313057668507, 2773713.355314654763788],
            [4806747.300082872621715, 2773711.245072736404836],
            [4806752.722522216849029, 2773708.01052461238578],
            [4806759.01843699067831, 2773699.508253997191787],
            [4806760.496843978762627, 2773694.981053900904953],
            [4806762.134081528522074, 2773689.967475233599544],
            [4806768.433337928727269, 2773681.994198867119849],
            [4806772.36111438088119, 2773678.301817107945681],
            [4806775.796916263177991, 2773675.072233497630805],
            [4806785.850490988232195, 2773675.539803143590689],
            [4806790.60013286024332, 2773674.007944616954774],
            [4806790.638626516796649, 2773673.995554134715348],
            [4806795.881596187129617, 2773672.30454176152125],
            [4806805.380380148999393, 2773668.543629654683173],
            [4806812.211645044386387, 2773661.095909541007131],
            [4806816.385397787205875, 2773651.548796080984175],
            [4806819.497838667593896, 2773641.478813285473734],
            [4806825.264794982038438, 2773632.979786777868867],
            [4806827.848252985626459, 2773622.913252963684499],
            [4806827.584351753816009, 2773622.329290397465229],
            [4806827.572837977670133, 2773622.303593251854181],
            [4806823.558290245011449, 2773613.41753992298618],
            [4806824.293953666463494, 2773608.566852292045951],
            [4806825.083879908546805, 2773603.357457947451621],
            [4806831.915165976621211, 2773595.909966201055795],
            [4806836.906506384722888, 2773592.636840152088553],
            [4806840.872196291573346, 2773590.036216024309397],
            [4806850.371008696034551, 2773586.27532166801393],
            [4806855.337700264528394, 2773584.585948620457202],
            [4806855.377716392278671, 2773584.5723329000175],
            [4806859.873156398534775, 2773583.043421590700746],
            [4806862.834491766057909, 2773579.814874949865043],
            [4806866.704452886246145, 2773575.595717929303646],
            [4806873.003648810088634, 2773567.622470248956233],
            [4806881.967141558416188, 2773562.806827838532627],
            [4806891.991621933877468, 2773558.513620760291815],
            [4806902.025884926319122, 2773555.807502216659486],
            [4806911.51192793995142, 2773549.930660923477262],
            [4806917.194484998472035, 2773543.735296851955354],
            [4806918.343242550268769, 2773542.482971075922251],
            [4806919.554951656609774, 2773541.419807445257902],
            [4806926.235655450262129, 2773535.557826695032418],
            [4806932.544650711119175, 2773529.171457759104669],
            [4806933.067086349241436, 2773528.110250899102539],
            [4806939.89529890473932, 2773520.133906595408916],
            [4806948.858702736906707, 2773515.318176231812686],
            [4806956.22224726062268, 2773508.39637508103624],
            [4806964.114785336889327, 2773501.471241844817996],
            [4806965.830001408234239, 2773499.601317715831101],
            [4806970.946231940761209, 2773494.02367654396221],
            [4806975.119946468621492, 2773484.476374286226928],
            [4806978.235461653210223, 2773474.935410441830754],
            [4806979.928361642174423, 2773469.458307097200304],
            [4806981.347976888529956, 2773464.865675612352788],
            [4806986.053694548085332, 2773455.844145447947085],
            [4806994.47857575956732, 2773449.444900887552649],
            [4807002.906461887992918, 2773443.574430601205677],
            [4807003.903129746206105, 2773433.517590691335499],
            [4807008.076645343564451, 2773423.970296954736114],
            [4807017.57551899459213, 2773420.209240752737969],
            [4807021.220048842951655, 2773410.665282818954438],
            [4807027.519315242767334, 2773402.691965847741812],
            [4807035.415115669369698, 2773396.295847868081182],
            [4807040.11774835921824, 2773386.745337721891701],
            [4807045.881371519528329, 2773377.717266647610813],
            [4807047.936043200083077, 2773367.653876245953143],
            [4807054.763990686275065, 2773359.677346979267895],
            [4807063.188800366595387, 2773353.27801646431908],
            [4807065.772254877723753, 2773343.21140800928697],
            [4807067.826827804557979, 2773333.148131569847465],
            [4807072.529262808151543, 2773323.597630605101585],
            [4807078.296346500515938, 2773315.098558615893126],
            [4807085.127751813270152, 2773307.651028692722321],
            [4807090.375397314317524, 2773300.742044651415199],
            [4807091.952720107510686, 2773299.145407790318131],
            [4807096.123064144514501, 2773289.069252118468285],
            [4807098.706536708399653, 2773279.002649013884366],
            [4807099.174142525531352, 2773268.948929348960519],
            [4807103.879926986061037, 2773259.92742659477517],
            [4807107.524615280330181, 2773250.383485228288919],
            [4807110.640310500748456, 2773240.842654726933688],
            [4807112.165803412906826, 2773230.782495531719178],
            [4807118.4650217005983, 2773222.809206377714872],
            [4807124.232028822414577, 2773214.310148240998387],
            [4807130.528034598566592, 2773205.807871386874467],
            [4807131.524650531820953, 2773195.750934089533985],
            [4807136.227129004895687, 2773186.20044902106747],
            [4807143.590682479552925, 2773179.278709660284221],
            [4807150.422023309394717, 2773171.830980161204934],
            [4807154.595624587498605, 2773162.283718425780535],
            [4807159.301552467979491, 2773153.262228331994265],
            [4807165.068365747109056, 2773144.763182573951781],
            [4807168.713088503107429, 2773135.219142868183553],
            [4807171.29660245962441, 2773125.152551778126508],
            [4807172.293346545659006, 2773115.095617902930826],
            [4807175.408861198462546, 2773105.554911125916988],
            [4807178.521377459168434, 2773095.484991657547653],
            [4807184.284990768879652, 2773086.45707163400948],
            [4807190.052151558920741, 2773077.957920958288014],
            [4807196.351203401573002, 2773069.984656305983663],
            [4807201.053832653909922, 2773060.434186363592744],
            [4807205.759573025628924, 2773051.412709043826908],
            [4807212.058852230198681, 2773043.439337067771703],
            [4807219.412804967723787, 2773034.930650476831943],
            [4807219.409369453787804, 2773034.40166097972542],
            [4807222.525235790759325, 2773024.860849980264902],
            [4807228.824416116811335, 2773016.887594004161656],
            [4807233.530280336737633, 2773007.866011848207563],
            [4807237.703823042102158, 2772998.318658723495901],
            [4807240.625401793979108, 2772990.668122809845954],
            [4807241.348479784093797, 2772988.774634398519993],
            [4807245.522137865424156, 2772979.227393049746752],
            [4807247.04758751578629, 2772969.167250701226294],
            [4807249.102147644385695, 2772959.104000851046294],
            [4807252.214598215185106, 2772949.034206172917038],
            [4807255.330267358571291, 2772939.493402814492583],
            [4807258.44604798220098, 2772929.952599447686225],
            [4807264.213041664101183, 2772921.453471175394952],
            [4807268.918823621235788, 2772912.431898907758296],
            [4807274.153608446009457, 2772903.407110600732267],
            [4807282.04936589114368, 2772897.011192028410733],
            [4807292.090063498355448, 2772895.362881186418235],
            [4807301.047040233388543, 2772889.489303796552122],
            [4807307.87848346401006, 2772882.041733948979527],
            [4807316.838681382127106, 2772876.69715242087841],
            [4807332.601293882355094, 2772859.144318351987749],
            [4807337.835996269248426, 2772850.119545193854719],
            [4807344.667347690090537, 2772842.672096983529627],
            [4807346.19294960424304, 2772832.611965163610876],
            [4807352.48887662962079, 2772824.109643962234259],
            [4807357.720486868172884, 2772814.555995444301516],
            [4807361.894097154960036, 2772805.008668704889715],
            [4807366.067819507792592, 2772795.461342282127589],
            [4807370.773651608265936, 2772786.43990306602791],
            [4807375.479376051574945, 2772777.418244470376521],
            [4807379.653107580728829, 2772767.871031671762466],
            [4807386.481163821183145, 2772759.894496459513903],
            [4807392.248115653172135, 2772751.395512608345598],
            [4807394.831745306029916, 2772741.32895685499534],
            [4807399.534271683543921, 2772731.778424313757569],
            [4807405.298020128160715, 2772722.750564540736377],
            [4807408.413654028438032, 2772713.209677376784384],
            [4807412.058402257971466, 2772703.665575759951025],
            [4807415.174151312559843, 2772694.124910443555564],
            [4807423.608518210239708, 2772689.312464002519846],
            [4807424.134199195541441, 2772688.780260253231972],
            [4807430.433499754406512, 2772680.806951716542244],
            [4807433.549147243611515, 2772671.266179514117539],
            [4807434.545679800212383, 2772661.20927295461297],
            [4807436.600329995155334, 2772651.145938108209521],
            [4807440.773991, 2772641.598739731125534],
            [4807445.47965189255774, 2772632.577209412120283],
            [4807450.185643440112472, 2772623.555678297765553],
            [4807456.484746178612113, 2772615.58237929455936],
            [4807462.780750028789043, 2772607.080201891250908],
            [4807469.612183445133269, 2772599.63246136251837],
            [4807474.317969447933137, 2772590.611047513317317],
            [4807477.433751876465976, 2772581.070393250789493],
            [4807480.017209588550031, 2772571.003742104861885],
            [4807484.723002328537405, 2772561.982109840493649],
            [4807490.490129405632615, 2772553.483153012115508],
            [4807496.786046362482011, 2772544.98098632087931],
            [4807500.430627066642046, 2772535.436903682537377],
            [4807505.136651486158371, 2772526.415496080182493],
            [4807509.310243051499128, 2772516.868202774785459],
            [4807512.425935163162649, 2772507.327334419358522],
            [4807513.951401568949223, 2772497.267224157229066],
            [4807521.311769955791533, 2772489.816509794443846],
            [4807525.485372329130769, 2772480.269220214337111],
            [4807529.130081101320684, 2772470.725253493990749],
            [4807534.365020884200931, 2772461.700420655775815],
            [4807543.860471087507904, 2772457.410695840604603],
            [4807550.256479750387371, 2772465.306451702490449],
            [4807558.15239791572094, 2772458.910294348374009],
            [4807551.756281808950007, 2772451.014648288954049],
            [4807545.360162091441453, 2772443.118892463389784],
            [4807549.533887786790729, 2772433.571497010532767],
            [4807555.829846387729049, 2772425.069348226301372],
            [4807560.53568584471941, 2772416.047734131105244],
            [4807565.238319690339267, 2772406.497352554928511],
            [4807568.354152943938971, 2772396.956604246515781],
            [4807571.466558989137411, 2772386.886646962724626],
            [4807574.579077955335379, 2772376.816910846158862],
            [4807574.514452482573688, 2772366.237561247311532],
            [4807577.51846868917346, 2772355.997728386428207],
            [4807577.508860006928444, 2772354.43276430061087],
            [4807576.331901268102229, 2772344.3974569872953],
            [4807582.980339678935707, 2772336.769256502389908],
            [4807586.49365234747529, 2772327.374911232851446],
            [4807595.275635019876063, 2772303.665579442866147],
            [4807601.924087035469711, 2772296.037384959403425],
            [4807603.424957332201302, 2772285.985613150522113],
            [4807604.479417438618839, 2772275.936789053957909],
            [4807606.874314733780921, 2772266.102706020697951],
            [4807609.716825904324651, 2772256.489148590713739],
            [4807612.782436889596283, 2772246.874284595251083],
            [4807615.848050094209611, 2772237.259421216323972],
            [4807618.913774781860411, 2772227.644557824358344],
            [4807622.872110503725708, 2772218.024244483094662],
            [4807625.713325410149992, 2772208.187550002709031],
            [4807629.225252380594611, 2772198.56996406102553],
            [4807632.289460598491132, 2772188.731964507140219],
            [4807635.802917424589396, 2772179.337408228311688],
            [4807641.330252427607775, 2772170.823425594251603],
            [4807644.842189531773329, 2772161.205842867959291],
            [4807647.684617561288178, 2772151.592514269985259],
            [4807650.302640346810222, 2772141.757021212019026],
            [4807652.474360940977931, 2772131.924474499188364],
            [4807653.751945895142853, 2772121.874128145631403],
            [4807661.298620953224599, 2772115.133173943031579],
            [4807665.92780729662627, 2772105.731868154369295],
            [4807670.335096168331802, 2772096.555121313780546],
            [4807672.059105015359819, 2772086.502051956951618],
            [4807673.783225323073566, 2772076.449092849623412],
            [4807679.691338970325887, 2772070.767795979045331],
            [4807683.87777650821954, 2772063.336502517573535],
            [4807684.874542839825153, 2772053.279510830994695],
            [4807687.458021585829556, 2772043.213006792590022],
            [4807691.102735091000795, 2772033.669076093006879],
            [4807706.768386859446764, 2772000.247296746820211],
            [4807700.933645171113312, 2771997.637966941576451],
            [4807704.597825605422258, 2771991.267752730287611],
            [4807706.648988151922822, 2771980.675360959023237],
            [4807709.232591995969415, 2771970.608860360458493],
            [4807712.877322386018932, 2771961.064824153669178],
            [4807713.873888607136905, 2771951.008058262057602],
            [4807716.989609035663307, 2771941.467230833135545],
            [4807721.695471343584359, 2771932.445660796482116],
            [4807725.340102619491518, 2771922.90173862921074],
            [4807726.865689869970083, 2771912.841656174045056],
            [4807728.917088327929378, 2771902.249488040339202],
            [4807731.500599007122219, 2771892.182881756220013],
            [4807733.026191106066108, 2771882.122800281271338],
            [4807733.493863024748862, 2771872.069132748991251],
            [4807733.432630044408143, 2771862.018782391212881],
            [4807731.79728215560317, 2771854.094009566120803],
            [4807731.78445949871093, 2771851.978052814491093],
            [4807735.429105731658638, 2771842.434023506939411],
            [4807740.131786596961319, 2771832.883581060450524],
            [4807742.186403291299939, 2771822.820294283796102],
            [4807742.124956253916025, 2771812.769835310056806],
            [4807741.534822874702513, 2771802.722913041245192],
            [4807744.160235251300037, 2771799.532725428696722],
            [4807750.452963539399207, 2771790.501656154636294],
            [4807762.574056021869183, 2771783.021844609640539],
            [4807768.422646980732679, 2771777.369342785794288],
            [4807771.660122821107507, 2771773.467210171278566],
            [4807772.565211854875088, 2771769.11363313999027],
            [4807772.240420402027667, 2771766.786196439061314],
            [4807772.527334452606738, 2771762.902214928995818],
            [4807775.101521600037813, 2771755.438137728720903],
            [4807777.681860307231545, 2771744.842550920788199],
            [4807778.149556090123951, 2771734.78910842910409],
            [4807779.146159180440009, 2771724.73212890420109],
            [4807779.084947481751442, 2771714.681781477760524],
            [4807782.729519922286272, 2771705.137873931322247],
            [4807787.964460989460349, 2771696.113006260246038],
            [4807790.544703585095704, 2771685.51764399651438],
            [4807790.749485954642296, 2771684.719616885762662],
            [4807793.128260564990342, 2771675.451049462892115],
            [4807794.124873666092753, 2771665.394182316958904],
            [4807795.650615920312703, 2771655.334109108429402],
            [4807794.531265580095351, 2771645.290174662135541],
            [4807787.860353660769761, 2771596.467864595353603],
            [4807773.125150376930833, 2771599.320308555383235],
            [4807772.961124053224921, 2771599.353114879224449],
            [4807550.609647991135716, 2771643.869969503488392],
            [4807476.759419274516404, 2771659.908413183409721],
            [4807429.36631163302809, 2771670.099013331346214],
            [4807387.762196811847389, 2771672.264107283204794],
            [4807346.264183634892106, 2771666.06589086400345],
            [4807307.495870469138026, 2771656.452410388272256],
            [4807231.656722801737487, 2771649.08492742292583],
            [4807129.883931270800531, 2771641.411834446713328],
            [4807060.175601476803422, 2771636.522202499210835],
            [4806997.863258460536599, 2771637.391343709547073],
            [4806913.042371492832899, 2771638.602763790171593],
            [4806818.44674772489816, 2771644.344028532505035],
            [4806764.238534475676715, 2771637.465123631991446],
            [4806757.539672767743468, 2771636.614916826598346],
            [4806759.95507098082453, 2771618.461313692387193],
            [4806809.606409278698266, 2771245.308880033902824],
            [4806662.661728383973241, 2771272.319123212713748],
            [4806430.09675703663379, 2771315.067677991464734],
            [4806425.328583102673292, 2771315.349433458875865],
            [4806358.70521308388561, 2771328.779909855220467],
            [4806269.304901053197682, 2771345.732399648055434],
            [4806224.134050321765244, 2771355.799823815468699],
            [4806199.068720837123692, 2771359.510396825149655],
            [4806171.87525898963213, 2771366.845065913163126],
            [4806131.880072779022157, 2771379.800952685531229],
            [4806099.066850120201707, 2771391.764082704670727],
            [4806087.740152115002275, 2771395.642595221754164],
            [4806073.662644595839083, 2771401.922324078157544],
            [4806053.475907089188695, 2771410.392648198641837],
            [4806028.134210392832756, 2771420.937478180974722],
            [4806009.162266592495143, 2771429.074784521013498],
            [4806003.749569481238723, 2771431.448261093813926],
            [4806000.57847669813782, 2771432.838721867185086],
            [4805968.950193291530013, 2771445.323683249298483],
            [4805932.350153950043023, 2771460.115207511931658],
            [4805880.213732673786581, 2771484.036561935208738],
            [4805870.382897099480033, 2771487.197616933844984],
            [4805838.965669584460557, 2771502.158124634530395],
            [4805807.128476553596556, 2771516.566039598081261],
            [4805796.765710176900029, 2771520.807861727196723],
            [4805787.049957577139139, 2771524.78478457313031],
            [4805758.282786947675049, 2771536.559951690491289],
            [4805709.469325517304242, 2771559.076188655570149],
            [4805647.102986616082489, 2771587.222563795745373],
            [4805593.08261233381927, 2771609.486054009757936],
            [4805511.100346943363547, 2771642.717483337037265],
            [4805455.670656866393983, 2771665.203213477972895],
            [4805432.907250438816845, 2771674.687103301286697],
            [4805387.764776550233364, 2771693.494641403201967],
            [4805357.927405941300094, 2771704.715243889018893],
            [4805329.851910525001585, 2771715.220157660078257],
            [4805265.611185332760215, 2771740.217430244665593],
            [4805195.322275974787772, 2771762.672207092866302],
            [4805172.082590601406991, 2771770.016306831035763],
            [4805132.713526141829789, 2771782.162940511479974],
            [4805114.81814599595964, 2771788.474301397334784],
            [4805070.747850641608238, 2771803.129439823329449],
            [4805067.992040930315852, 2771804.045914899557829],
            [4805019.896342888474464, 2771821.621772308833897],
            [4804965.801487556658685, 2771839.142652589362115],
            [4804914.929647782817483, 2771857.305426796432585],
            [4804816.853368901647627, 2771888.101668324321508],
            [4804805.767254040576518, 2771890.758662399835885],
            [4804752.831899468787014, 2771905.38678602129221],
            [4804687.862805591896176, 2771923.269610684365034],
            [4804654.833574038930237, 2771932.663989779073745],
            [4804610.947516408748925, 2771945.674164930358529],
            [4804555.508980059996247, 2771962.482247530482709],
            [4804550.675737769342959, 2771962.504705619066954],
            [4804462.987117733806372, 2771985.861488973721862],
            [4804457.10352115239948, 2771985.988963044714183],
            [4804452.728379562497139, 2771971.325069226324558],
            [4804447.684790656901896, 2771951.433486005291343],
            [4804441.923006885685027, 2771930.291091309394687],
            [4804436.930349052883685, 2771910.6054373444058],
            [4804430.552453125827014, 2771886.971021940931678],
            [4804426.83924787119031, 2771871.838307166472077],
            [4804409.721887856721878, 2771876.968321357388049],
            [4804382.031961684115231, 2771883.93125897180289],
            [4804334.645790782757103, 2771895.911808664444834],
            [4804320.510388703085482, 2771843.430375956464559],
            [4804307.219692219980061, 2771794.788130750879645],
            [4804291.480149548500776, 2771799.983641145285219],
            [4804246.542096860706806, 2771812.185695801395923],
            [4804236.804554361850023, 2771814.672626754269004],
            [4804202.551366437226534, 2771824.112907172646374],
            [4804156.708127939142287, 2771836.553152687847614],
            [4804151.334676538594067, 2771837.896454567089677],
            [4804144.303575760684907, 2771839.580829898361117],
            [4804121.831141101196408, 2771845.195977208204567],
            [4804095.047401396557689, 2771852.082212410401553],
            [4804080.164280752651393, 2771855.956264357082546],
            [4804065.835603734478354, 2771859.618571909144521],
            [4804062.469660196453333, 2771824.059782076161355],
            [4804058.614893766120076, 2771808.066501751542091],
            [4804050.788440435193479, 2771779.339891370385885],
            [4804047.322215492837131, 2771766.664255012292415],
            [4804044.122443635948002, 2771767.06086434237659],
            [4804020.423738810233772, 2771773.723622242920101],
            [4804004.183350189588964, 2771778.900700643192977],
            [4803991.598319718614221, 2771782.319749955553561],
            [4803956.511776860803366, 2771792.985633162781596],
            [4803929.811985445208848, 2771801.567365617956966],
            [4803910.065374522469938, 2771807.819036411121488],
            [4803884.358716394752264, 2771815.656202203128487],
            [4803864.534972436726093, 2771817.533237714786083],
            [4803851.105657209642231, 2771818.804822533857077],
            [4803847.230831076391041, 2771819.030212790239602],
            [4803836.913216120563447, 2771819.630353729706258]
          ]
        ]
      }
    }
  ]
}
